START_DATE,END_DATE,CATEGORY,START,PURPOSE,MILES,STOP
01-01-2016 21:11,01-01-2016 21:17,Business,Fort Pierce,Meal-Entertain,5.1,Fort Pierce
01-02-2016 01:25,01-02-2016 01:37,Business,Fort Pierce,Unknown,5,Fort Pierce
01-02-2016 20:25,01-02-2016 20:38,Business,Fort Pierce,Errand-Supplies,4.8,Fort Pierce
01-05-2016 17:31,01-05-2016 17:45,Business,Fort Pierce,Meeting,4.7,Fort Pierce
01-06-2016 14:42,01-06-2016 15:49,Business,Fort Pierce,Customer Visit,63.7,West Palm Beach
01-06-2016 17:15,01-06-2016 17:19,Business,West Palm Beach,Meal-Entertain,4.3,West Palm Beach
01-06-2016 17:30,01-06-2016 17:35,Business,West Palm Beach,Meeting,7.1,Palm Beach
01-07-2016 13:27,01-07-2016 13:33,Business,Cary,Meeting,0.8,Cary
01-10-2016 08:05,01-10-2016 08:25,Business,Cary,Meeting,8.3,Morrisville
01-10-2016 12:17,01-10-2016 12:44,Business,Jamaica,Customer Visit,16.5,New York
01-10-2016 15:08,01-10-2016 15:51,Business,New York,Meeting,10.8,Queens
01-10-2016 18:18,01-10-2016 18:53,Business,Elmhurst,Meeting,7.5,New York
01-10-2016 19:12,01-10-2016 19:32,Business,Midtown,Meeting,6.2,East Harlem
01-11-2016 08:55,01-11-2016 09:21,Business,East Harlem,Temporary Site,6.4,NoMad
01-11-2016 11:56,01-11-2016 12:03,Business,Flatiron District,Errand-Supplies,1.6,Midtown
01-11-2016 13:32,01-11-2016 13:46,Business,Midtown,Meal-Entertain,1.7,Midtown East
01-11-2016 14:30,01-11-2016 14:43,Business,Midtown East,Meal-Entertain,1.9,Midtown
01-12-2016 12:33,01-12-2016 12:49,Business,Midtown,Meal-Entertain,1.9,Hudson Square
01-12-2016 12:53,01-12-2016 13:09,Business,Hudson Square,Meal-Entertain,4,Lower Manhattan
01-12-2016 14:42,01-12-2016 14:56,Business,Lower Manhattan,Errand-Supplies,1.8,Hudson Square
01-12-2016 15:13,01-12-2016 15:28,Business,Hudson Square,Customer Visit,2.4,Hell's Kitchen
01-12-2016 15:42,01-12-2016 15:54,Business,Hell's Kitchen,Errand-Supplies,2,Midtown
01-12-2016 16:02,01-12-2016 17:00,Business,New York,Meeting,15.1,Queens County
1-13-2016 13:54,1-13-2016 14:07,Business,Downtown,Meeting,11.2,Gulfton
1-13-2016 15:00,1-13-2016 15:28,Business,Gulfton,Meeting,11.8,Downtown
1-14-2016 16:29,1-14-2016 17:05,Business,Houston,Customer Visit,21.9,Houston
1-14-2016 21:39,1-14-2016 21:45,Business,Eagan Park,Errand-Supplies,3.9,Jamestown Court
1-15-2016 0:41,1-15-2016 1:01,Business,Morrisville,Errand-Supplies,8,Cary
1-15-2016 11:43,1-15-2016 12:03,Business,Cary,Meal-Entertain,10.4,Durham
1-15-2016 13:26,1-15-2016 13:44,Business,Durham,Meal-Entertain,10.4,Cary
1-18-2016 14:55,1-18-2016 15:06,Business,Cary,Meal-Entertain,4.8,Cary
1-18-2016 16:13,1-18-2016 16:24,Business,Farmington Woods,Meal-Entertain,4.7,Whitebridge
1-19-2016 9:09,1-19-2016 9:23,Business,Whitebridge,,7.2,Lake Wellingborough
1-19-2016 10:55,1-19-2016 11:09,Business,Lake Wellingborough,Temporary Site,7.6,Whitebridge
1-20-2016 10:36,1-20-2016 11:11,Business,Cary,Meeting,17.1,Raleigh
1-20-2016 11:48,1-20-2016 12:19,Business,Fayetteville Street,Meeting,15.1,Umstead
1-20-2016 13:25,1-20-2016 14:19,Business,Raleigh,Customer Visit,40.2,Cary
1-21-2016 14:25,1-21-2016 14:29,Business,Cary,Errand-Supplies,1.6,Cary
1-21-2016 14:43,1-21-2016 14:51,Business,Cary,Meal-Entertain,2.4,Cary
1-21-2016 16:01,1-21-2016 16:06,Business,Cary,Meal-Entertain,1,Cary
1-26-2016 10:41,1-26-2016 10:50,Business,Whitebridge,Meal-Entertain,2,Hazelwood
1-26-2016 12:33,1-26-2016 12:41,Business,Hazelwood,Errand-Supplies,2.3,Whitebridge
1-26-2016 16:24,1-26-2016 16:32,Business,Whitebridge,Errand-Supplies,1.9,Westpark Place
1-26-2016 17:17,1-26-2016 17:22,Business,Cary,Errand-Supplies,1.4,Cary
1-26-2016 17:27,1-26-2016 17:29,Business,Cary,Errand-Supplies,0.5,Cary
1-27-2016 9:24,1-27-2016 9:31,Business,Cary,Meeting,1.8,Cary
1-27-2016 10:19,1-27-2016 10:48,Business,Cary,Customer Visit,18.7,Raleigh
1-27-2016 12:34,1-27-2016 12:44,Business,Fairmont,Customer Visit,3.4,Meredith Townes
1-27-2016 14:05,1-27-2016 14:13,Business,Raleigh,Customer Visit,2.7,Raleigh
1-27-2016 14:46,1-27-2016 15:08,Business,Raleigh,Customer Visit,12.9,Cary
1-28-2016 12:28,1-28-2016 13:00,Business,Cary,Temporary Site,19,Raleigh
1-28-2016 15:11,1-28-2016 15:31,Business,Meredith Townes,Meeting,14.7,Leesville Hollow
1-28-2016 16:21,1-28-2016 16:51,Business,Raleigh,Meeting,15.7,Cary
1-29-2016 9:31,1-29-2016 9:45,Business,Cary,Customer Visit,4.6,Cary
1-29-2016 10:56,1-29-2016 11:07,Business,Cary,Meeting,5.2,Cary
1-29-2016 11:43,1-29-2016 12:03,Business,Cary,Meeting,10.4,Durham
1-29-2016 13:24,1-29-2016 13:47,Business,Durham,Meeting,10.1,Cary
1-29-2016 18:31,1-29-2016 18:52,Business,Cary,Errand-Supplies,5.8,Apex
1-29-2016 21:21,1-29-2016 21:40,Business,Apex,Meal-Entertain,5.5,Cary
1-30-2016 16:21,1-30-2016 16:33,Business,Cary,Errand-Supplies,5.7,Apex
1-30-2016 18:09,1-30-2016 18:24,Business,Apex,Customer Visit,5.7,Cary
02-01-2016 10:35,02-01-2016 11:15,Business,Cary,Customer Visit,19.4,Chapel Hill
02-01-2016 12:10,02-01-2016 12:43,Business,Chapel Hill,Customer Visit,23.3,Cary
02-01-2016 12:56,02-01-2016 13:07,Business,Northwoods,Meal-Entertain,3.9,Whitebridge
02-02-2016 13:04,02-02-2016 13:23,Business,Whitebridge,Meeting,8.3,Williamsburg Manor
02-02-2016 13:51,02-02-2016 14:06,Business,Cary,Errand-Supplies,6,Cary
02-02-2016 14:38,02-02-2016 14:42,Business,Cary,Errand-Supplies,1.6,Cary
02-04-2016 08:40,02-04-2016 09:01,Business,Cary,Errand-Supplies,5.2,Morrisville
02-04-2016 09:37,02-04-2016 10:09,Business,Morrisville,Meal-Entertain,9.7,Cary
02-04-2016 10:26,02-04-2016 10:32,Business,Cary,Meal-Entertain,1.6,Cary
02-04-2016 15:59,02-04-2016 16:03,Business,Cary,Meal-Entertain,1.1,Cary
02-04-2016 16:35,02-04-2016 16:39,Business,Cary,Meal-Entertain,1.6,Cary
02-04-2016 18:04,02-04-2016 18:31,Business,Whitebridge,Meeting,9,Macgregor Downs
02-04-2016 20:36,02-04-2016 20:55,Business,Cary,Meeting,7.7,Cary
02-05-2016 11:47,02-05-2016 12:07,Business,Cary,Meeting,10.4,Durham
02-05-2016 13:22,02-05-2016 13:41,Business,Durham,Meeting,10.4,Cary
02-06-2016 16:20,02-06-2016 16:53,Business,Cary,Between Offices,11.4,Raleigh
02-06-2016 18:57,02-06-2016 19:21,Business,Raleigh,Errand-Supplies,9,Cary
02-06-2016 19:28,02-06-2016 19:37,Business,Edgehill Farms,Meal-Entertain,3.2,Whitebridge
02-07-2016 16:49,02-07-2016 17:01,Business,Cary,Errand-Supplies,5.6,Apex
02-07-2016 18:03,02-07-2016 18:17,Business,Apex,Customer Visit,5.7,Cary
02-07-2016 18:39,02-07-2016 18:53,Business,Cary,Temporary Site,6.1,Morrisville
02-07-2016 20:22,02-07-2016 20:40,Business,Morrisville,Meeting,6.1,Cary
02-08-2016 12:57,02-08-2016 13:08,Business,Whitebridge,Meal-Entertain,4.3,Edgehill Farms
02-08-2016 14:00,02-08-2016 14:10,Business,Edgehill Farms,Meal-Entertain,2.7,Whitebridge
02-09-2016 10:54,02-09-2016 11:07,Personal,Whitebridge,,5.3,Northwoods
02-09-2016 11:43,02-09-2016 11:50,Personal,Northwoods,,3,Tanglewood
02-09-2016 13:36,02-09-2016 13:52,Personal,Tanglewood,,5.1,Preston
02-09-2016 13:58,02-09-2016 14:02,Personal,Preston,,1.5,Whitebridge
02-09-2016 18:55,02-09-2016 19:11,Business,Cary,,6.1,Morrisville
02-09-2016 20:24,02-09-2016 20:40,Business,Morrisville,Meal-Entertain,6.1,Cary
02-11-2016 16:28,02-11-2016 17:10,Business,Cary,Meal-Entertain,17.3,Raleigh
02-11-2016 17:49,02-11-2016 18:10,Business,Eastgate,Meal-Entertain,5.7,Walnut Terrace
02-11-2016 18:24,02-11-2016 18:46,Business,Raleigh,Temporary Site,13.5,Morrisville
02-11-2016 20:36,02-11-2016 20:51,Business,Morrisville,Temporary Site,6.1,Cary
02-12-2016 08:21,02-12-2016 08:42,Business,Cary,Temporary Site,8.5,Durham
02-12-2016 10:45,02-12-2016 10:52,Business,Durham,Temporary Site,2.6,Morrisville
02-12-2016 11:14,02-12-2016 11:35,Business,Morrisville,Customer Visit,17,Raleigh
02-12-2016 13:02,02-12-2016 13:36,Business,Raleigh,Meeting,18,Cary
02-12-2016 14:49,02-12-2016 15:06,Business,Cary,Meeting,8.4,Morrisville
02-12-2016 15:33,02-12-2016 16:06,Business,Morrisville,Customer Visit,11.5,Cary
2-13-2016 14:21,2-13-2016 14:41,Business,Cary,Meeting,8.9,Morrisville
2-13-2016 23:45,2-14-2016 0:01,Personal,East Elmhurst,,2.7,Jackson Heights
2-14-2016 0:50,2-14-2016 1:00,Personal,Jackson Heights,,1.8,East Elmhurst
2-14-2016 14:07,2-14-2016 14:40,Business,East Elmhurst,Meeting,8.1,New York
2-14-2016 14:46,2-14-2016 15:03,Business,Midtown,Meeting,2,Midtown West
2-14-2016 16:35,2-14-2016 17:02,Business,New York,Meeting,13,Long Island City
2-14-2016 17:06,2-14-2016 17:29,Business,Long Island City,Meeting,13.9,Jamaica
2-16-2016 3:21,2-16-2016 4:13,Business,Katunayaka,Customer Visit,43.7,Unknown Location
2-16-2016 8:29,2-16-2016 9:34,Business,Unknown Location,,14.1,Colombo
2-16-2016 10:31,2-16-2016 10:41,Business,Colombo,,2.6,Colombo
2-16-2016 11:32,2-16-2016 12:02,Business,Colombo,,4.5,Colombo
2-16-2016 12:39,2-16-2016 12:42,Business,Colombo,,1.7,Colombo
2-16-2016 13:43,2-16-2016 13:55,Business,Colombo,Temporary Site,1.8,Colombo
2-16-2016 16:34,2-16-2016 17:10,Business,Colombo,,6,Colombo
2-16-2016 17:17,2-16-2016 17:26,Business,Colombo,Meal-Entertain,1.1,Nugegoda
2-16-2016 17:40,2-16-2016 17:44,Business,Nugegoda,Errand-Supplies,3.6,Unknown Location
2-17-2016 13:18,2-17-2016 14:04,Business,Unknown Location,Temporary Site,14.7,Colombo
2-17-2016 15:17,2-17-2016 15:22,Business,Colombo,Meal-Entertain,1.7,Colombo
2-17-2016 15:33,2-17-2016 16:17,Business,Colombo,Temporary Site,21.4,Katunayaka
2-17-2016 16:38,2-17-2016 16:43,Business,Katunayaka,Errand-Supplies,0.5,Katunayaka
2-18-2016 8:19,2-18-2016 8:27,Business,Unknown Location,Temporary Site,23.5,Unknown Location
2-18-2016 14:03,2-18-2016 14:45,Business,Unknown Location,Temporary Site,12.7,Islamabad
2-18-2016 15:16,2-18-2016 15:31,Business,Islamabad,Temporary Site,6,Unknown Location
2-18-2016 18:44,2-18-2016 18:58,Business,Unknown Location,Customer Visit,5.2,Islamabad
2-18-2016 19:27,2-18-2016 20:08,Business,Islamabad,Meeting,10,Unknown Location
2-19-2016 9:02,2-19-2016 9:14,Business,Unknown Location,Meeting,18.3,Unknown Location
2-19-2016 9:21,2-19-2016 9:51,Business,Unknown Location,Meeting,11.2,Unknown Location
2-19-2016 10:21,2-19-2016 10:48,Business,Unknown Location,Meeting,7.6,Islamabad
2-19-2016 11:20,2-19-2016 11:26,Personal,Islamabad,,1.5,Islamabad
2-19-2016 11:45,2-19-2016 11:50,Personal,Islamabad,,1,Islamabad
2-19-2016 12:09,2-19-2016 12:27,Business,Islamabad,Temporary Site,7.3,Unknown Location
2-19-2016 16:26,2-19-2016 16:45,Business,Unknown Location,,3.5,Islamabad
2-19-2016 17:09,2-19-2016 17:20,Business,Islamabad,,4.2,Islamabad
2-19-2016 20:08,2-19-2016 20:30,Personal,Islamabad,,13.6,Unknown Location
2-19-2016 20:34,2-19-2016 20:51,Personal,Unknown Location,,2.5,Unknown Location
2-20-2016 7:59,2-20-2016 8:32,Personal,Unknown Location,,14.4,Islamabad
2-20-2016 10:48,2-20-2016 10:56,Personal,Islamabad,,3,Islamabad
2-20-2016 11:45,2-20-2016 11:53,Personal,Islamabad,,1.5,Islamabad
2-20-2016 12:41,2-20-2016 13:17,Business,Islamabad,,18.4,R?walpindi
2-20-2016 14:50,2-20-2016 15:54,Business,R?walpindi,Meeting,23.1,R?walpindi
2-20-2016 16:59,2-20-2016 17:54,Personal,R?walpindi,,16.5,Unknown Location
2-20-2016 18:00,2-20-2016 18:03,Business,Unknown Location,Errand-Supplies,3.2,Unknown Location
2-20-2016 19:28,2-20-2016 19:49,Business,Unknown Location,Errand-Supplies,7.7,Unknown Location
2-21-2016 9:07,2-21-2016 9:46,Business,Unknown Location,,14.5,Islamabad
2-21-2016 11:39,2-21-2016 11:43,Business,Unknown Location,Errand-Supplies,2.4,Islamabad
2-21-2016 11:47,2-21-2016 12:01,Business,Islamabad,Errand-Supplies,4.6,Islamabad
2-21-2016 12:13,2-21-2016 12:35,Business,Islamabad,Meal-Entertain,8.8,Unknown Location
2-21-2016 12:51,2-21-2016 13:12,Business,Unknown Location,Temporary Site,8.3,Unknown Location
2-21-2016 13:33,2-21-2016 14:30,Business,Unknown Location,Temporary Site,22.7,Unknown Location
2-21-2016 14:36,2-21-2016 15:03,Business,Unknown Location,Temporary Site,13,Islamabad
2-21-2016 15:14,2-21-2016 15:31,Business,Islamabad,Temporary Site,8.1,Noorpur Shahan
2-21-2016 15:36,2-21-2016 15:41,Business,Noorpur Shahan,Meal-Entertain,2.2,Unknown Location
2-21-2016 16:04,2-21-2016 16:32,Business,Unknown Location,,9.7,Unknown Location
2-21-2016 23:15,2-21-2016 23:52,Business,Unknown Location,Meeting,20,R?walpindi
2-22-2016 21:54,2-22-2016 22:09,Business,Morrisville,Customer Visit,8.1,Cary
2-24-2016 14:30,2-24-2016 14:35,Business,Whitebridge,,1.5,Preston
2-24-2016 15:19,2-24-2016 15:25,Business,Preston,Errand-Supplies,1.7,Whitebridge
2-25-2016 16:27,2-25-2016 16:35,Business,Whitebridge,Errand-Supplies,3.1,Heritage Pines
2-25-2016 16:47,2-25-2016 17:02,Business,Heritage Pines,Errand-Supplies,3.2,Whitebridge
2-25-2016 17:16,2-25-2016 17:36,Business,Whitebridge,Meal-Entertain,6,Tanglewood
2-25-2016 18:22,2-25-2016 18:39,Business,Tanglewood,Meal-Entertain,5.8,Whitebridge
2-26-2016 9:06,2-26-2016 9:29,Business,Whitebridge,,6.3,Westpark Place
2-26-2016 11:05,2-26-2016 11:11,Personal,Westpark Place,,1.7,Whitebridge
2-26-2016 11:35,2-26-2016 11:59,Business,Cary,Meeting,10.6,Durham
2-26-2016 13:01,2-26-2016 13:24,Business,Durham,Meeting,9.9,Cary
2-26-2016 14:38,2-26-2016 14:46,Personal,Whitebridge,,1.9,Westpark Place
2-26-2016 15:00,2-26-2016 15:18,Personal,Westpark Place,,4.2,Hazelwood
2-26-2016 17:01,2-26-2016 17:12,Personal,Hazelwood,,2,Whitebridge
2-28-2016 5:22,2-28-2016 5:38,Business,Whitebridge,Meeting,7.7,Waverly Place
2-28-2016 9:26,2-28-2016 9:42,Business,Waverly Place,Meeting,6.8,Whitebridge
2-29-2016 11:07,2-29-2016 11:14,Personal,Whitebridge,,2.1,Westpark Place
2-29-2016 11:30,2-29-2016 11:40,Business,Cary,Meeting,3.8,Apex
2-29-2016 12:36,2-29-2016 12:48,Business,Apex,Meeting,5.6,Cary
2-29-2016 14:55,2-29-2016 15:03,Business,Whitebridge,,2.6,Hazelwood
2-29-2016 16:40,2-29-2016 17:00,Business,Hazelwood,Customer Visit,6.6,Whitebridge
03-01-2016 18:47,03-01-2016 19:10,Business,Whitebridge,Meal-Entertain,8,Wayne Ridge
03-01-2016 21:27,03-01-2016 21:45,Business,Wayne Ridge,Meeting,8,Whitebridge
03-03-2016 09:45,03-03-2016 09:52,Personal,Whitebridge,,2.2,Westpark Place
03-03-2016 11:04,03-03-2016 11:10,Business,Westpark Place,Errand-Supplies,2.3,Whitebridge
03-03-2016 14:44,03-03-2016 14:58,Business,Whitebridge,Meal-Entertain,5.2,Northwoods
03-03-2016 15:27,03-03-2016 15:48,Business,Cary,Customer Visit,7.6,Raleigh
03-03-2016 16:02,03-03-2016 16:42,Business,Raleigh,Meeting,17.3,Cary
03-04-2016 07:47,03-04-2016 08:06,Business,Cary,Meeting,9.9,Durham
03-04-2016 09:46,03-04-2016 10:03,Business,Durham,Customer Visit,9.9,Cary
03-04-2016 11:46,03-04-2016 12:06,Business,Cary,Meeting,10.4,Durham
03-04-2016 13:03,03-04-2016 13:25,Business,Durham,Meeting,10.9,Cary
03-04-2016 13:40,03-04-2016 14:09,Business,Cary,Customer Visit,15.7,Raleigh
03-04-2016 15:56,03-04-2016 16:08,Business,Raleigh,Meal-Entertain,4.9,Raleigh
03-04-2016 16:16,03-04-2016 16:22,Business,Fayetteville Street,Errand-Supplies,0.8,Depot Historic District
03-04-2016 16:43,03-04-2016 17:12,Business,Raleigh,Meeting,13.5,Cary
03-04-2016 19:02,03-04-2016 19:08,Business,Cary,Temporary Site,1.9,Morrisville
03-04-2016 19:16,03-04-2016 19:25,Business,Morrisville,Meal-Entertain,2,Cary
03-05-2016 11:44,03-05-2016 11:59,Business,Cary,Meal-Entertain,6.5,Morrisville
03-05-2016 12:57,03-05-2016 13:12,Personal,Weston,,4.2,Weston
03-05-2016 14:08,03-05-2016 14:18,Personal,Morrisville,,3.5,Cary
03-05-2016 14:39,03-05-2016 15:01,Business,Whitebridge,Meal-Entertain,7.8,Wayne Ridge
03-05-2016 16:52,03-05-2016 17:13,Business,Cary,Meal-Entertain,7.8,Morrisville
03-05-2016 17:23,03-05-2016 17:34,Business,Morrisville,Meal-Entertain,3.9,Cary
03-07-2016 09:10,03-07-2016 09:20,Business,Whitebridge,Errand-Supplies,2.8,Edgehill Farms
03-07-2016 09:23,03-07-2016 09:47,Business,Cary,Customer Visit,12.4,Raleigh
03-07-2016 12:10,03-07-2016 12:26,Business,Fayetteville Street,Customer Visit,5.9,Meredith Townes
03-07-2016 13:57,03-07-2016 14:18,Business,Meredith Townes,Meeting,9.4,Leesville Hollow
03-07-2016 15:19,03-07-2016 15:45,Business,Raleigh,Between Offices,11.9,Cary
03-08-2016 14:38,03-08-2016 14:55,Business,Whitebridge,Between Offices,7.2,Waverly Place
03-08-2016 15:35,03-08-2016 16:00,Business,Waverly Place,Meal-Entertain,7.6,Whitebridge
03-08-2016 16:13,03-08-2016 16:25,Personal,Whitebridge,,1.6,Whitebridge
03-10-2016 03:36,03-10-2016 03:53,Business,Cary,Meeting,8.4,Morrisville
03-10-2016 10:08,03-10-2016 10:37,Business,East Austin,Meeting,12.8,West University
03-10-2016 14:39,03-10-2016 14:55,Business,West University,,2.3,South Congress
03-10-2016 16:18,03-10-2016 16:28,Business,South Congress,,1.6,Arts District
03-11-2016 09:47,03-11-2016 09:59,Business,The Drag,Meal-Entertain,2,Congress Ave District
03-11-2016 10:29,03-11-2016 10:36,Business,Congress Ave District,,0.8,Downtown
03-11-2016 11:57,03-11-2016 12:04,Business,Downtown,,1.2,Red River District
03-11-2016 13:43,03-11-2016 13:51,Business,Red River District,,1,Downtown
03-11-2016 19:21,03-11-2016 19:35,Business,South Congress,,2.1,The Drag
03-12-2016 09:13,03-12-2016 09:22,Business,The Drag,,2.2,South Congress
03-12-2016 18:27,03-12-2016 18:37,Personal,South Congress,,1.9,The Drag
3-13-2016 9:07,3-13-2016 9:37,Business,The Drag,Meal-Entertain,5.7,Convention Center District
3-13-2016 18:23,3-13-2016 18:43,Business,South Congress,Meal-Entertain,8.4,North Austin
3-13-2016 20:07,3-13-2016 20:28,Business,Georgian Acres,Meal-Entertain,6.2,The Drag
3-13-2016 20:39,3-13-2016 20:58,Business,The Drag,Meal-Entertain,10.5,North Austin
3-13-2016 21:11,3-13-2016 21:23,Business,North Austin,Meal-Entertain,7.2,Coxville
3-13-2016 22:19,3-13-2016 22:39,Business,Coxville,,12.5,The Drag
3-14-2016 8:34,3-14-2016 8:49,Business,The Drag,Errand-Supplies,2,South Congress
3-14-2016 18:39,3-14-2016 18:55,Business,South Congress,,2.7,The Drag
3-15-2016 8:45,3-15-2016 8:57,Business,The Drag,Meal-Entertain,2,Convention Center District
3-15-2016 20:48,3-15-2016 21:01,Business,Downtown,Meal-Entertain,2.8,The Drag
3-16-2016 11:34,3-16-2016 11:45,Business,The Drag,Meal-Entertain,1.7,Congress Ave District
3-16-2016 14:44,3-16-2016 14:55,Business,Convention Center District,,2,West University
3-16-2016 18:43,3-16-2016 18:56,Business,West University,Meal-Entertain,2.1,Congress Ave District
3-17-2016 0:33,3-17-2016 0:44,Personal,Downtown,,1.7,The Drag
3-17-2016 12:52,3-17-2016 15:11,Business,Austin,Customer Visit,136,Katy
3-17-2016 15:16,3-17-2016 15:58,Business,Katy,Meeting,30.2,Houston
3-17-2016 17:20,3-17-2016 18:02,Business,Midtown,Meal-Entertain,15.5,Alief
3-17-2016 18:47,3-17-2016 19:09,Personal,Houston,,4.9,Houston
3-17-2016 20:57,3-17-2016 21:28,Personal,Houston,,12.6,Houston
3-17-2016 21:48,3-17-2016 22:04,Personal,Sharpstown,,10.4,Midtown
3-18-2016 7:15,3-18-2016 7:21,Business,Midtown,Meal-Entertain,1.1,Midtown
3-18-2016 8:35,3-18-2016 8:43,Business,Midtown,Meal-Entertain,1.1,Midtown
3-18-2016 18:24,3-18-2016 19:08,Business,Midtown,Meeting,13.2,Sharpstown
3-18-2016 19:23,3-18-2016 19:29,Business,Sharpstown,Errand-Supplies,1,Sharpstown
3-18-2016 21:01,3-18-2016 21:15,Business,Sharpstown,Customer Visit,9.2,Midtown
3-19-2016 9:10,3-19-2016 9:25,Business,Midtown,Meal-Entertain,9.4,Sharpstown
3-19-2016 12:50,3-19-2016 13:13,Business,Houston,Customer Visit,12,Sugar Land
3-19-2016 14:01,3-19-2016 14:57,Business,Sugar Land,Customer Visit,35.1,Houston
3-19-2016 15:34,3-19-2016 16:38,Business,Houston,Meal-Entertain,36.5,Galveston
3-19-2016 17:17,3-19-2016 17:32,Business,Galveston,Meal-Entertain,3.1,Port Bolivar
3-19-2016 17:37,3-19-2016 17:47,Business,Port Bolivar,Errand-Supplies,2.1,Port Bolivar
3-19-2016 17:52,3-19-2016 18:00,Business,Port Bolivar,,1.2,Port Bolivar
3-19-2016 18:53,3-19-2016 19:29,Business,Port Bolivar,Meeting,7.5,Galveston
3-19-2016 19:33,3-19-2016 20:39,Business,Galveston,Customer Visit,57,Houston
3-20-2016 7:37,3-20-2016 7:48,Business,Midtown,Meeting,5.9,Washington Avenue
3-20-2016 11:42,3-20-2016 11:56,Business,Washington Avenue,Meeting,6.2,Midtown
3-20-2016 17:08,3-20-2016 17:34,Business,Midtown,,10.4,Sharpstown
3-20-2016 18:34,3-20-2016 18:40,Personal,Sharpstown,,1.2,Briar Meadow
3-20-2016 18:45,3-20-2016 19:06,Business,Briar Meadow,Customer Visit,9.6,Midtown
3-21-2016 10:21,3-21-2016 10:26,Personal,Midtown,,1,Downtown
3-21-2016 16:05,3-21-2016 16:13,Business,Downtown,Meal-Entertain,0.9,Midtown
3-21-2016 18:59,3-21-2016 19:15,Business,Midtown,,8.8,Sharpstown
3-21-2016 20:18,3-21-2016 20:55,Business,Sharpstown,Meal-Entertain,25.6,Midtown
3-22-2016 6:17,3-22-2016 6:43,Business,Midtown,Meal-Entertain,23,Greater Greenspoint
3-22-2016 12:06,3-22-2016 12:24,Personal,Morrisville,,8.1,Cary
3-22-2016 19:12,3-22-2016 19:25,Personal,Whitebridge,,1.4,Whitebridge
3-23-2016 14:37,3-23-2016 14:42,Personal,Whitebridge,,1.7,Preston
3-23-2016 14:53,3-23-2016 14:59,Personal,Preston,,1.6,Whitebridge
3-24-2016 19:47,3-24-2016 19:54,Personal,Whitebridge,,2,Westpark Place
3-24-2016 20:34,3-24-2016 20:40,Business,Westpark Place,,2.2,Whitebridge
3-25-2016 13:24,3-25-2016 16:22,Business,Cary,Customer Visit,144,Latta
3-25-2016 16:52,3-25-2016 22:22,Business,Latta,Customer Visit,310.3,Jacksonville
3-25-2016 22:54,3-26-2016 1:39,Business,Jacksonville,Meeting,201,Kissimmee
3-26-2016 14:05,3-26-2016 14:29,Personal,Couples Glen,,6.7,Isles of Buena Vista
3-26-2016 15:19,3-26-2016 15:49,Personal,Kissimmee,,8.8,Orlando
3-26-2016 16:26,3-26-2016 16:30,Personal,Lake Reams,,1.2,Lake Reams
3-27-2016 0:31,3-27-2016 0:40,Business,Lake Reams,Errand-Supplies,2.1,Lake Reams
3-27-2016 1:11,3-27-2016 1:23,Business,Orlando,Meal-Entertain,6.6,Kissimmee
3-27-2016 15:31,3-27-2016 15:56,Business,Kissimmee,Customer Visit,6.1,Orlando
3-27-2016 21:26,3-27-2016 21:41,Personal,Orlando,,6.9,Orlando
3-27-2016 23:04,3-27-2016 23:18,Personal,Orlando,,7.3,Kissimmee
3-28-2016 12:29,3-28-2016 12:42,Personal,Kissimmee,,3.6,Orlando
3-28-2016 19:30,3-28-2016 20:23,Personal,Couples Glen,,27.2,Vista East
3-28-2016 22:55,3-28-2016 23:26,Personal,Orlando,,25.7,Kissimmee
3-29-2016 15:27,3-29-2016 16:11,Personal,Kissimmee,,13.6,Orlando
3-29-2016 18:20,3-29-2016 18:39,Personal,Sand Lake Commons,,6.2,Sky Lake
3-29-2016 20:29,3-29-2016 20:44,Personal,Sky Lake,,6,Sand Lake Commons
3-29-2016 23:04,3-29-2016 23:21,Personal,Orlando,,13.8,Kissimmee
3-30-2016 22:05,3-30-2016 22:55,Business,Orlando,Meal-Entertain,28.8,Kissimmee
3-31-2016 12:47,3-31-2016 13:22,Business,Kissimmee,Temporary Site,16.1,Orlando
3-31-2016 14:37,3-31-2016 15:09,Business,Orlando,Meal-Entertain,16.4,Kissimmee
04-01-2016 13:43,04-01-2016 14:01,Business,Kissimmee,Meeting,11,Kissimmee
04-01-2016 14:36,04-01-2016 15:24,Business,Kissimmee,Customer Visit,15.5,Orlando
04-01-2016 16:01,04-01-2016 16:49,Business,Orlando,Meeting,20.3,Kissimmee
04-01-2016 16:52,04-01-2016 16:57,Personal,Kissimmee,,0.7,Kissimmee
04-02-2016 08:48,04-02-2016 09:04,Personal,Kissimmee,,5.5,Kissimmee
04-02-2016 11:01,04-02-2016 11:16,Personal,Kissimmee,,5.1,Kissimmee
04-02-2016 12:21,04-02-2016 14:47,Business,Kissimmee,Customer Visit,77.3,Daytona Beach
04-02-2016 16:57,04-02-2016 18:09,Business,Daytona Beach,Customer Visit,80.5,Jacksonville
04-02-2016 19:38,04-02-2016 22:36,Business,Jacksonville,Customer Visit,174.2,Ridgeland
04-02-2016 23:11,04-03-2016 01:34,Business,Ridgeland,Meeting,144,Florence
04-03-2016 02:00,04-03-2016 04:16,Business,Florence,Meeting,159.3,Cary
04-05-2016 21:39,04-05-2016 21:55,Business,Whitebridge,Meal-Entertain,7.9,Wayne Ridge
04-06-2016 00:19,04-06-2016 00:39,Business,Wayne Ridge,Meal-Entertain,8,Whitebridge
04-07-2016 18:20,04-07-2016 18:39,Business,Cary,Meal-Entertain,6.1,Morrisville
04-07-2016 19:45,04-07-2016 20:00,Business,Morrisville,Errand-Supplies,6.1,Cary
04-08-2016 12:30,04-08-2016 12:48,Business,Cary,Meeting,10.5,Durham
04-08-2016 13:34,04-08-2016 13:51,Business,Durham,Meal-Entertain,8.7,Cary
04-08-2016 13:55,04-08-2016 14:03,Business,Westpark Place,Errand-Supplies,1.8,Whitebridge
04-08-2016 14:43,04-08-2016 15:20,Business,Cary,Meeting,19.1,Raleigh
04-08-2016 16:05,04-08-2016 16:47,Business,Raleigh,Meeting,18.6,Cary
04-12-2016 09:15,04-12-2016 09:26,Business,Whitebridge,Errand-Supplies,2.8,Edgehill Farms
04-12-2016 09:34,04-12-2016 09:53,Business,Cary,Meeting,8.9,Raleigh
04-12-2016 10:58,04-12-2016 11:18,Business,Meredith,Customer Visit,7.5,Cedar Hill
04-12-2016 12:22,04-12-2016 12:44,Business,Raleigh,Meeting,15.9,Morrisville
04-12-2016 13:42,04-12-2016 14:01,Business,Morrisville,Meal-Entertain,6.5,Cary
4-14-2016 7:29,4-14-2016 8:09,Business,Cary,Temporary Site,15.3,Holly Springs
4-14-2016 16:00,4-14-2016 16:43,Business,Holly Springs,Temporary Site,13.7,Cary
4-15-2016 11:36,4-15-2016 12:07,Business,Cary,Temporary Site,11.9,Raleigh
4-15-2016 12:29,4-15-2016 12:32,Business,Meredith Townes,Errand-Supplies,1.4,Harden Place
4-15-2016 14:31,4-15-2016 15:01,Business,Raleigh,Meeting,15.2,Cary
4-16-2016 12:59,4-16-2016 13:17,Business,Cary,Errand-Supplies,6,Morrisville
4-16-2016 15:10,4-16-2016 15:26,Business,Morrisville,Meal-Entertain,6.1,Cary
4-19-2016 17:44,4-19-2016 18:08,Business,Whitebridge,Meal-Entertain,8.2,Wayne Ridge
4-19-2016 19:57,4-19-2016 20:19,Business,Wayne Ridge,Meal-Entertain,8,Whitebridge
4-22-2016 8:25,4-22-2016 9:04,Business,Cary,Meeting,13.6,Raleigh
4-22-2016 10:10,4-22-2016 10:40,Business,Raleigh,Meeting,22.5,Cary
4-22-2016 12:08,4-22-2016 12:28,Business,Cary,Meeting,10.4,Durham
4-22-2016 13:02,4-22-2016 13:26,Business,Durham,Meeting,10,Cary
4-23-2016 17:03,4-23-2016 17:16,Business,Whitebridge,Meal-Entertain,6,Tanglewood
4-23-2016 18:49,4-23-2016 19:05,Business,Tanglewood,Meal-Entertain,6.5,Whitebridge
4-24-2016 19:07,4-24-2016 19:16,Business,Cary,Errand-Supplies,3.1,Morrisville
4-24-2016 19:46,4-24-2016 19:52,Business,Chessington,Errand-Supplies,1.9,Chessington
4-24-2016 21:41,4-24-2016 21:50,Business,Morrisville,Between Offices,4.2,Cary
4-27-2016 13:30,4-27-2016 13:40,Business,Whitebridge,Between Offices,4.9,Burtrose
4-27-2016 14:13,4-27-2016 14:25,Business,Burtrose,Between Offices,4.8,Whitebridge
4-28-2016 12:09,4-28-2016 12:34,Business,Cary,Customer Visit,12.4,Raleigh
4-28-2016 13:30,4-28-2016 13:49,Business,Raleigh,Customer Visit,32.8,Cary
4-28-2016 22:10,4-28-2016 22:28,Business,Morrisville,Customer Visit,5.5,Cary
4-29-2016 11:44,4-29-2016 12:01,Business,Cary,Meeting,9.9,Durham
4-29-2016 13:13,4-29-2016 13:34,Business,Durham,Meeting,10,Cary
4-29-2016 18:46,4-29-2016 19:18,Business,Cary,Customer Visit,14.2,Durham
4-29-2016 22:44,4-29-2016 23:19,Business,Durham,Meeting,18.2,Cary
4-30-2016 18:42,4-30-2016 18:57,Business,Whitebridge,Meal-Entertain,7.7,Waverly Place
4-30-2016 22:16,4-30-2016 22:34,Business,Waverly Place,,6.8,Whitebridge
05-01-2016 13:45,05-01-2016 13:53,Business,Whitebridge,Meal-Entertain,2.1,Westpark Place
05-01-2016 14:26,05-01-2016 14:31,Business,Westpark Place,,2.3,Whitebridge
05-01-2016 17:33,05-01-2016 17:45,Business,Whitebridge,Between Offices,6.2,Tanglewood
05-01-2016 17:54,05-01-2016 18:10,Business,Tanglewood,Meeting,7.5,Parkway
05-01-2016 22:38,05-01-2016 22:49,Business,Parkway,Errand-Supplies,3.1,Whitebridge
05-02-2016 14:14,05-02-2016 14:21,Business,Whitebridge,Errand-Supplies,2.2,Westpark Place
05-02-2016 15:37,05-02-2016 15:48,Business,Westpark Place,Meal-Entertain,3.9,Whitebridge
05-03-2016 22:20,05-03-2016 22:28,Business,Morrisville,Meal-Entertain,2.5,Cary
05-04-2016 15:16,05-04-2016 15:37,Business,Cary,Meal-Entertain,8.7,Morrisville
05-04-2016 20:55,05-04-2016 21:14,Business,Mcvan,Errand-Supplies,14.5,Capitol One
05-04-2016 21:30,05-04-2016 21:36,Business,Capitol One,Meal-Entertain,4.5,University District
05-04-2016 22:19,05-04-2016 22:27,Business,University District,Meal-Entertain,5,Capitol One
05-05-2016 21:24,05-05-2016 21:36,Business,Seattle,Meal-Entertain,14.2,Redmond
05-05-2016 22:34,05-05-2016 22:40,Business,Redmond,Errand-Supplies,2.9,Bellevue
05-05-2016 23:55,05-06-2016 00:08,Business,Bellevue,Meeting,12.9,Seattle
05-06-2016 05:47,05-06-2016 06:02,Business,Capitol One,Meeting,14.4,Mcvan
05-06-2016 16:45,05-06-2016 16:59,Business,Chapel Hill,Meeting,17,Morrisville
05-06-2016 17:18,05-06-2016 17:44,Business,Morrisville,Customer Visit,7.9,Cary
05-09-2016 06:08,05-09-2016 06:25,Business,Cary,Customer Visit,8.4,Morrisville
05-09-2016 14:39,05-09-2016 15:06,Business,San Francisco,Between Offices,20.5,Palo Alto
05-09-2016 17:58,05-09-2016 18:26,Business,Palo Alto,Customer Visit,9.8,Sunnyvale
05-09-2016 19:35,05-09-2016 19:59,Business,Sunnyvale,Customer Visit,17.6,Newark
05-10-2016 09:03,05-10-2016 09:20,Business,Newark,Customer Visit,9.3,Menlo Park
05-10-2016 17:19,05-10-2016 17:31,Business,Menlo Park,Customer Visit,7.9,Newark
05-11-2016 08:35,05-11-2016 09:12,Business,Newark,Meeting,25.6,San Francisco
05-11-2016 21:47,05-11-2016 22:04,Business,Morrisville,Meeting,8.1,Cary
5-14-2016 18:35,5-14-2016 18:39,Business,Cary,Meal-Entertain,3.1,Morrisville
5-14-2016 23:01,5-14-2016 23:05,Business,Morrisville,Meal-Entertain,3.1,Cary
5-17-2016 13:15,5-17-2016 13:23,Business,Whitebridge,Errand-Supplies,2.8,Preston
5-17-2016 13:56,5-17-2016 14:08,Business,Preston,Errand-Supplies,2.7,Westpark Place
5-17-2016 14:34,5-17-2016 14:40,Business,Westpark Place,Errand-Supplies,1.9,Whitebridge
5-18-2016 9:11,5-18-2016 9:41,Business,Cary,Customer Visit,8.4,Morrisville
5-18-2016 13:00,5-18-2016 13:02,Business,Morrisville,Customer Visit,7.6,Raleigh
5-19-2016 14:37,5-19-2016 15:01,Business,Old City,Meal-Entertain,2.9,Parkway Museums
5-20-2016 10:56,5-20-2016 11:07,Business,Old City,Meeting,11.2,Hog Island
5-20-2016 15:43,5-20-2016 16:12,Business,Morrisville,Meal-Entertain,8.2,Cary
5-22-2016 15:39,5-22-2016 15:46,Business,Cary,Meal-Entertain,3,Morrisville
5-22-2016 18:46,5-22-2016 18:53,Business,Morrisville,Meal-Entertain,2.5,Cary
5-23-2016 20:19,5-23-2016 20:27,Business,Whitebridge,Meal-Entertain,3.6,Savon Height
5-23-2016 21:09,5-23-2016 21:21,Business,Savon Height,Errand-Supplies,3.6,Whitebridge
5-27-2016 20:26,5-27-2016 20:30,Business,Whitebridge,Errand-Supplies,4.5,Kildaire Farms
5-27-2016 20:47,5-27-2016 20:53,Business,Savon Height,,1.2,Kilarney Woods
5-27-2016 22:11,5-27-2016 22:14,Business,Kilarney Woods,Errand-Supplies,1.7,Kildaire Farms
5-28-2016 0:15,5-28-2016 0:21,Business,Kilarney Woods,Errand-Supplies,4.7,Whitebridge
5-28-2016 12:52,5-28-2016 13:06,Business,Cary,Meal-Entertain,6.1,Morrisville
5-28-2016 14:35,5-28-2016 15:04,Business,Morrisville,Customer Visit,11.3,Cary
5-31-2016 13:54,5-31-2016 14:41,Business,Cary,Meeting,14.9,Raleigh
5-31-2016 16:02,5-31-2016 16:39,Business,Raleigh,Meeting,14,Cary
5-31-2016 17:50,5-31-2016 17:59,Business,Westpark Place,,1.8,Whitebridge
06-01-2016 10:19,06-01-2016 10:47,Business,Cary,Customer Visit,6.7,Morrisville
06-01-2016 13:10,06-01-2016 13:39,Business,Morrisville,Meeting,9.6,Cary
06-03-2016 11:29,06-03-2016 11:49,Business,Cary,Meeting,10.4,Durham
06-03-2016 13:08,06-03-2016 13:38,Business,Durham,Meeting,9.9,Cary
06-03-2016 15:31,06-03-2016 15:54,Business,Cary,Meal-Entertain,6,Morrisville
06-03-2016 18:14,06-03-2016 18:29,Business,Townes at Everett Crossing,Errand-Supplies,3.3,Chessington
06-03-2016 18:41,06-03-2016 18:53,Business,Morrisville,Errand-Supplies,3.1,Cary
06-03-2016 19:36,06-03-2016 19:42,Business,Huntington Woods,Errand-Supplies,1.7,Weston
06-03-2016 22:47,06-03-2016 23:06,Business,Morrisville,Between Offices,4,Cary
06-05-2016 14:03,06-05-2016 14:33,Business,Whitebridge,Customer Visit,7.8,Savon Height
06-05-2016 15:06,06-05-2016 15:22,Business,Cary,Customer Visit,7.8,Morrisville
06-05-2016 15:57,06-05-2016 16:08,Business,Weston,Meal-Entertain,3.8,Weston
06-05-2016 18:05,06-05-2016 18:14,Business,Morrisville,Meal-Entertain,2.5,Cary
06-05-2016 21:53,06-05-2016 22:05,Business,Cary,Meeting,9.9,Durham
06-05-2016 23:52,06-06-2016 00:08,Business,Durham,Meeting,9.9,Cary
06-06-2016 15:36,06-06-2016 15:45,Business,Whitebridge,Errand-Supplies,3,Hazelwood
06-06-2016 16:16,06-06-2016 16:24,Business,Hazelwood,Errand-Supplies,2.4,Whitebridge
06-06-2016 20:06,06-06-2016 20:20,Business,Cary,Meal-Entertain,5.7,Apex
06-06-2016 21:08,06-06-2016 21:37,Business,Apex,Meal-Entertain,7.2,Cary
06-06-2016 21:41,06-06-2016 22:00,Business,Cary,Meeting,10.4,Durham
06-06-2016 23:34,06-06-2016 23:48,Business,Durham,Meeting,9.9,Cary
06-07-2016 21:42,06-07-2016 22:00,Business,Cary,Meeting,10.4,Durham
06-07-2016 23:41,06-08-2016 00:04,Business,Durham,Meeting,9.9,Cary
06-08-2016 08:23,06-08-2016 08:53,Business,Cary,Meal-Entertain,8.7,Morrisville
06-08-2016 12:04,06-08-2016 13:01,Business,Jamaica,Errand-Supplies,22.3,New York
06-08-2016 13:12,06-08-2016 13:29,Business,Seaport,Meal-Entertain,3.3,Gramercy-Flatiron
06-08-2016 14:31,06-08-2016 14:37,Business,Medical Centre,Errand-Supplies,0.7,Tudor City
06-08-2016 16:55,06-08-2016 17:11,Business,Rose Hill,Meal-Entertain,2.5,Soho
06-08-2016 17:16,06-08-2016 17:18,Business,Soho,Errand-Supplies,0.5,Tribeca
06-08-2016 17:59,06-08-2016 18:05,Business,Tribeca,Errand-Supplies,0.9,Financial District
06-08-2016 20:11,06-08-2016 20:25,Business,Financial District,Errand-Supplies,4.8,Kips Bay
06-10-2016 15:19,06-10-2016 16:28,Business,New York,Meeting,16.3,Jamaica
06-10-2016 21:47,06-10-2016 22:04,Business,Cary,Meeting,10.4,Durham
06-10-2016 23:53,06-11-2016 00:01,Business,Durham,Meeting,9.9,Cary
06-11-2016 17:08,06-11-2016 17:16,Business,Cary,Errand-Supplies,3.7,Morrisville
06-11-2016 17:34,06-11-2016 17:39,Business,Morrisville,Meal-Entertain,4.6,Cary
06-11-2016 17:50,06-11-2016 17:56,Business,Westpark Place,,1.7,Whitebridge
06-11-2016 21:45,06-11-2016 22:04,Business,Cary,Meeting,10.4,Durham
06-11-2016 23:39,06-12-2016 00:05,Business,Durham,Meeting,9.9,Cary
06-12-2016 19:53,06-12-2016 19:56,Business,Cary,Meal-Entertain,2.5,Morrisville
06-12-2016 20:05,06-12-2016 20:16,Business,Morrisville,Errand-Supplies,4.3,Cary
06-12-2016 21:58,06-12-2016 22:19,Business,Parkway,Errand-Supplies,2.8,Whitebridge
6-13-2016 5:23,6-13-2016 5:42,Business,Cary,Meal-Entertain,8.4,Morrisville
6-13-2016 14:17,6-13-2016 14:46,Business,Oakland,Meeting,13.2,Emeryville
6-13-2016 18:08,6-13-2016 18:47,Business,Emeryville,Meal-Entertain,3.9,Berkeley
6-13-2016 18:54,6-13-2016 19:23,Business,Berkeley,Meal-Entertain,5.1,Oakland
6-13-2016 20:00,6-13-2016 20:05,Business,Oakland,Customer Visit,5.2,Unknown Location
6-14-2016 12:03,6-14-2016 12:21,Business,Emeryville,,9.8,San Francisco
6-14-2016 16:09,6-14-2016 16:39,Business,San Francisco,Meeting,11.6,Emeryville
6-14-2016 17:15,6-14-2016 17:24,Business,Emeryville,Meeting,5.1,Oakland
6-14-2016 17:27,6-14-2016 17:57,Business,Downtown,Errand-Supplies,9.3,Bay Farm Island
6-15-2016 1:46,6-15-2016 2:06,Business,Kenner,Between Offices,12.4,New Orleans
6-15-2016 15:26,6-15-2016 15:34,Business,CBD,Between Offices,1.9,Lower Garden District
6-15-2016 16:37,6-15-2016 17:02,Business,Lower Garden District,Customer Visit,6.4,Lakeview
6-15-2016 17:29,6-15-2016 17:49,Personal,Lakeview,,5.5,Storyville
6-15-2016 19:52,6-15-2016 19:58,Business,Storyville,Meal-Entertain,1.5,Faubourg Marigny
6-16-2016 13:36,6-16-2016 14:30,Business,New Orleans,,14.5,Metairie
6-16-2016 14:42,6-16-2016 14:46,Business,Metairie,,2.7,Kenner
6-16-2016 15:17,6-16-2016 15:41,Business,Kenner,,15,New Orleans
6-16-2016 19:39,6-16-2016 19:56,Business,New Orleans,,12.9,Kenner
6-16-2016 21:43,6-16-2016 21:56,Business,Kenner,,13.6,New Orleans
6-17-2016 16:11,6-17-2016 16:44,Business,New Orleans,,12.2,Kenner
6-18-2016 0:29,6-18-2016 0:51,Business,Morrisville,,8.7,Cary
6-19-2016 2:39,6-19-2016 2:50,Business,Cary,,6,Raleigh
6-19-2016 5:51,6-19-2016 6:00,Business,Raleigh,,5.9,Cary
6-21-2016 15:39,6-21-2016 16:08,Business,Cary,,19.3,Raleigh
6-21-2016 17:11,6-21-2016 18:02,Business,Raleigh,Meal-Entertain,16.6,Cary
6-24-2016 10:41,6-24-2016 10:57,Business,Whitebridge,Meal-Entertain,7.1,Waverly Place
6-24-2016 11:54,6-24-2016 12:01,Business,Waverly Place,Meal-Entertain,2.1,Macgregor Downs
6-24-2016 12:19,6-24-2016 12:37,Business,Cary,Errand-Supplies,8.6,Raleigh
6-24-2016 12:50,6-24-2016 13:12,Business,Raleigh,Errand-Supplies,9,Morrisville
6-24-2016 13:18,6-24-2016 13:27,Business,Morrisville,Errand-Supplies,3.1,Cary
6-24-2016 14:01,6-24-2016 14:20,Business,Cary,Temporary Site,8.4,Morrisville
6-24-2016 20:44,6-24-2016 21:02,Business,Kenner,,12.8,New Orleans
6-25-2016 9:03,6-25-2016 9:12,Business,CBD,,4.5,Bywater
6-25-2016 9:15,6-25-2016 10:08,Business,New Orleans,Between Offices,11.8,Chalmette
6-25-2016 10:18,6-25-2016 10:25,Business,Chalmette,Errand-Supplies,1.1,Arabi
6-25-2016 10:50,6-25-2016 11:18,Business,Arabi,Meal-Entertain,17,Metairie
6-25-2016 11:25,6-25-2016 11:34,Business,Pontchartrain Shores,Meeting,1.7,Pontchartrain Shores
6-25-2016 11:53,6-25-2016 13:21,Business,Metairie,Meeting,15.5,New Orleans
6-25-2016 19:47,6-25-2016 19:58,Business,Storyville,,1.6,Marigny
6-25-2016 23:19,6-25-2016 23:26,Business,Marigny,,1.5,Storyville
6-26-2016 17:43,6-26-2016 18:18,Business,New Orleans,Meeting,12.6,Kenner
6-26-2016 18:45,6-26-2016 19:12,Business,Pontchartrain Shores,,4.8,Pontchartrain Shores
6-26-2016 19:41,6-26-2016 19:50,Business,Kenner,,2.2,Kenner
6-26-2016 21:14,6-26-2016 21:42,Business,Kenner,,13,New Orleans
6-27-2016 7:37,6-27-2016 8:48,Business,New Orleans,,46.9,Covington
6-27-2016 8:51,6-27-2016 9:00,Business,Covington,,2.5,Covington
6-27-2016 9:05,6-27-2016 9:33,Business,Covington,,8.6,Covington
6-27-2016 9:43,6-27-2016 10:08,Business,Covington,,5.2,Covington
6-27-2016 10:22,6-27-2016 10:39,Business,Covington,,7.6,Covington
6-27-2016 10:51,6-27-2016 10:58,Business,Covington,,1.8,Covington
6-27-2016 11:06,6-27-2016 11:24,Business,Covington,,4.7,Mandeville
6-27-2016 11:30,6-27-2016 11:42,Business,Mandeville,,2.8,Mandeville
6-27-2016 12:22,6-27-2016 13:02,Business,Mandeville,,30,Metairie
6-27-2016 13:56,6-27-2016 14:05,Business,Metairie,,4.4,Kenner
6-27-2016 21:09,6-27-2016 21:19,Business,Jamestown Court,,1,Jamestown Court
6-28-2016 0:48,6-28-2016 1:05,Business,Morrisville,Customer Visit,8.2,Cary
6-28-2016 20:13,6-28-2016 20:33,Business,Cary,Meeting,10.4,Durham
6-28-2016 23:34,6-28-2016 23:59,Business,Durham,Meeting,9.9,Cary
6-28-2016 23:34,6-28-2016 23:59,Business,Durham,Meeting,9.9,Cary
6-29-2016 8:56,6-29-2016 9:24,Business,Cary,,7.3,Morrisville
6-29-2016 10:22,6-29-2016 10:38,Business,Morrisville,,7.4,Cary
6-29-2016 11:49,6-29-2016 11:51,Business,Whitebridge,,1.6,Westpark Place
6-29-2016 12:11,6-29-2016 12:16,Business,Westpark Place,,1.8,Whitebridge
6-29-2016 20:11,6-29-2016 20:29,Business,Cary,Meeting,10.4,Durham
6-29-2016 23:38,6-30-2016 0:00,Business,Durham,Meeting,9.9,Cary
6-30-2016 20:09,6-30-2016 20:26,Business,Cary,Meeting,9.9,Durham
07-01-2016 00:00,07-01-2016 00:25,Business,Durham,Meeting,9.9,Cary
07-01-2016 09:34,07-01-2016 09:57,Business,Cary,Meeting,13.3,Raleigh
07-01-2016 12:36,07-01-2016 13:00,Business,Raleigh,Meeting,11.3,Cary
07-01-2016 20:06,07-01-2016 20:24,Business,Cary,Meeting,10.5,Durham
07-01-2016 23:48,07-02-2016 00:09,Business,Durham,Meeting,9.9,Cary
07-02-2016 20:18,07-02-2016 20:36,Business,Cary,Meeting,10.1,Durham
07-02-2016 23:48,07-03-2016 00:12,Business,Durham,Meeting,9.9,Cary
07-03-2016 00:28,07-03-2016 00:38,Business,Cary,Errand-Supplies,3.1,Morrisville
07-03-2016 03:02,07-03-2016 03:08,Business,Morrisville,Errand-Supplies,3.1,Cary
07-03-2016 20:00,07-03-2016 20:18,Business,Cary,Meeting,9.9,Durham
07-04-2016 00:32,07-04-2016 00:47,Business,Durham,Meeting,9.9,Cary
07-04-2016 17:31,07-04-2016 17:49,Business,Whitebridge,Meeting,8.8,Summerwinds
07-04-2016 18:23,07-04-2016 18:49,Business,Summerwinds,Temporary Site,8.7,Whitebridge
07-04-2016 20:00,07-04-2016 20:17,Business,Cary,Meeting,11.8,Durham
07-05-2016 00:00,07-05-2016 00:05,Business,Parkwood,Errand-Supplies,1.2,Parkwood
07-05-2016 00:08,07-05-2016 00:28,Business,Durham,Meeting,9.9,Cary
07-05-2016 16:48,07-05-2016 16:52,Business,Whitebridge,Errand-Supplies,0.6,Whitebridge
07-05-2016 20:06,07-05-2016 20:26,Business,Cary,,9.9,Durham
07-05-2016 22:41,07-05-2016 23:02,Business,Durham,,8.6,Morrisville
07-06-2016 00:33,07-06-2016 00:53,Business,Morrisville,Meal-Entertain,6.3,Cary
07-06-2016 09:06,07-06-2016 09:25,Business,Cary,Meeting,9.9,Durham
07-06-2016 12:48,07-06-2016 13:08,Business,Durham,,9.9,Cary
07-06-2016 20:04,07-06-2016 20:14,Business,Cary,Meal-Entertain,3.3,Morrisville
07-06-2016 23:46,07-06-2016 23:59,Business,Morrisville,Customer Visit,3.1,Cary
07-07-2016 08:22,07-07-2016 08:50,Business,Cary,Temporary Site,7.9,Morrisville
07-07-2016 10:27,07-07-2016 10:33,Business,Morrisville,,8.9,Cary
07-07-2016 12:59,07-07-2016 13:35,Business,Kenner,,12.8,New Orleans
07-08-2016 09:50,07-08-2016 10:13,Business,CBD,,7.7,Pontchartrain Beach
07-08-2016 10:51,07-08-2016 11:12,Business,Pontchartrain Beach,,7,CBD
07-08-2016 13:48,07-08-2016 14:11,Business,New Orleans,,12.5,Metairie
07-08-2016 17:11,07-08-2016 17:30,Business,Kenner,,13.2,New Orleans
07-09-2016 09:03,07-09-2016 09:46,Business,New Orleans,,13,Kenner
07-09-2016 09:52,07-09-2016 10:06,Business,Kenner,,4.9,Metairie
07-09-2016 10:15,07-09-2016 10:33,Business,Metairie,,8.5,New Orleans
07-10-2016 14:10,07-10-2016 14:17,Business,CBD,,1.3,St Thomas
07-10-2016 16:04,07-10-2016 16:15,Business,St Thomas,,1.8,CBD
07-10-2016 18:05,07-10-2016 18:21,Business,New Orleans,,13.6,Kenner
07-10-2016 19:51,07-10-2016 20:08,Business,Kenner,,13.4,New Orleans
07-12-2016 16:10,07-12-2016 16:45,Business,New Orleans,,12.3,Kenner
07-12-2016 19:21,07-12-2016 19:26,Personal,Kenner,,1.4,Kenner
07-12-2016 23:47,7-13-2016 0:11,Personal,Morrisville,,8.7,Cary
7-13-2016 12:39,7-13-2016 13:20,Personal,Cary,,23.5,Morrisville
7-13-2016 13:25,7-13-2016 13:39,Personal,Morrisville,,2.2,Morrisville
7-13-2016 13:42,7-13-2016 13:54,Personal,Morrisville,,4.4,Cary
7-14-2016 15:51,7-14-2016 15:59,Personal,Cary,,3.3,Morrisville
7-14-2016 16:03,7-14-2016 16:34,Business,Morrisville,Errand-Supplies,11.8,Morrisville
7-14-2016 16:39,7-14-2016 20:05,Business,Morrisville,,195.3,Banner Elk
7-15-2016 11:32,7-15-2016 11:53,Personal,Banner Elk,,8.3,Banner Elk
7-15-2016 12:09,7-15-2016 12:19,Personal,Banner Elk,,3.2,Banner Elk
7-15-2016 12:35,7-15-2016 13:15,Personal,Banner Elk,,22.4,Elk Park
7-15-2016 15:03,7-15-2016 15:33,Personal,Elk Park,,12.2,Banner Elk
7-15-2016 15:40,7-15-2016 15:52,Personal,Banner Elk,,4.5,Banner Elk
7-16-2016 13:14,7-16-2016 14:10,Personal,Banner Elk,,28.1,Newland
7-16-2016 14:14,7-16-2016 14:30,Personal,Newland,,3.8,Newland
7-16-2016 15:29,7-16-2016 16:57,Personal,Newland,,41.9,Boone
7-16-2016 19:42,7-16-2016 20:35,Personal,Boone,,23.8,Banner Elk
7-16-2016 21:45,7-16-2016 22:18,Personal,Banner Elk,,13,Banner Elk
7-16-2016 22:50,7-16-2016 23:03,Business,Banner Elk,Errand-Supplies,4.4,Banner Elk
7-17-2016 11:23,7-17-2016 11:50,Personal,Banner Elk,Charity ($),15.1,Boone
7-17-2016 12:20,7-17-2016 15:25,Personal,Boone,Commute,180.2,Cary
7-18-2016 10:37,7-18-2016 10:49,Personal,Cary,Moving,4.1,Morrisville
7-18-2016 10:54,7-18-2016 11:15,Personal,Morrisville,Moving,6.1,Cary
7-18-2016 11:25,7-18-2016 11:36,Personal,Northwoods,Moving,3.3,Preston
7-18-2016 11:40,7-18-2016 11:56,Personal,Preston,Moving,4.7,Whitebridge
7-18-2016 17:12,7-18-2016 17:33,Business,Cary,Meeting,7.2,Apex
7-18-2016 18:32,7-18-2016 18:47,Business,Apex,Meal-Entertain,5.5,Cary
7-18-2016 19:07,7-18-2016 19:14,Business,Cary,Meal-Entertain,3.3,Morrisville
7-18-2016 20:28,7-18-2016 20:32,Business,Hazelwood,Errand-Supplies,0.9,Weston
7-18-2016 21:11,7-18-2016 21:19,Business,Morrisville,Meal-Entertain,3.8,Cary
7-19-2016 10:35,7-19-2016 10:51,Business,Whitebridge,Customer Visit,6.4,Stonewater
7-19-2016 10:56,7-19-2016 11:11,Business,Stonewater,Meeting,3,Lexington Park at Amberly
7-19-2016 11:30,7-19-2016 12:00,Business,Lexington Park at Amberly,Meal-Entertain,8.7,Whitebridge
7-19-2016 17:14,7-19-2016 17:24,Business,Whitebridge,Errand-Supplies,3.9,Chessington
7-19-2016 17:50,7-19-2016 18:08,Personal,Chessington,,4.8,Whitebridge
7-20-2016 17:12,7-20-2016 17:24,Personal,Whitebridge,,2.8,Edgehill Farms
7-20-2016 17:50,7-20-2016 17:57,Personal,Edgehill Farms,,1.4,Preston
7-20-2016 18:16,7-20-2016 18:20,Personal,Preston,,1.4,Whitebridge
7-21-2016 17:17,7-21-2016 17:23,Business,Whitebridge,,2.7,Edgehill Farms
7-21-2016 17:42,7-21-2016 17:51,Business,Edgehill Farms,,2.3,Burtrose
7-21-2016 18:27,7-21-2016 18:42,Business,Cary,,3.7,Morrisville
7-21-2016 19:30,7-21-2016 19:39,Business,Morrisville,,2.9,Cary
7-22-2016 10:42,7-22-2016 10:53,Business,Cary,,3.8,Morrisville
7-22-2016 11:11,7-22-2016 11:25,Business,Morrisville,,5.1,Cary
7-22-2016 11:37,7-22-2016 12:00,Business,Hazelwood,,9.1,Lexington Park at Amberly
7-22-2016 12:14,7-22-2016 12:31,Business,Cary,,8,Durham
7-22-2016 13:21,7-22-2016 13:42,Business,Durham,Meeting,9.9,Cary
7-22-2016 14:27,7-22-2016 14:43,Business,Cary,Meal-Entertain,6.1,Morrisville
7-22-2016 15:49,7-22-2016 16:22,Business,Morrisville,,12.2,Cary
7-22-2016 18:33,7-22-2016 18:51,Business,Wayne Ridge,,8,Whitebridge
7-23-2016 14:27,7-23-2016 14:44,Business,Cary,,4,Morrisville
7-23-2016 14:48,7-23-2016 15:12,Business,Morrisville,,9.5,Cary
7-23-2016 15:15,7-23-2016 15:27,Business,Cary,,3,Morrisville
7-23-2016 15:50,7-23-2016 16:10,Business,Morrisville,,6.3,Cary
7-23-2016 20:17,7-23-2016 20:33,Business,Cary,Meeting,10.4,Durham
7-23-2016 23:18,7-23-2016 23:43,Business,Durham,Meeting,9.9,Cary
7-25-2016 10:35,7-25-2016 10:41,Business,Whitebridge,,1.5,Parkway
7-25-2016 10:47,7-25-2016 10:58,Business,Cary,,4.9,Morrisville
7-25-2016 11:04,7-25-2016 11:33,Business,Morrisville,,7.9,Cary
7-25-2016 11:37,7-25-2016 11:44,Business,Parkway,,1.7,Whitebridge
7-26-2016 15:43,7-26-2016 15:49,Business,Whitebridge,,2.2,Westpark Place
7-26-2016 17:14,7-26-2016 17:24,Business,Westpark Place,,2.1,Whitebridge
7-26-2016 20:52,7-26-2016 21:00,Business,Cary,Meal-Entertain,2.5,Morrisville
7-26-2016 22:31,7-26-2016 22:39,Business,Morrisville,Meal-Entertain,2.5,Cary
7-27-2016 19:08,7-27-2016 19:20,Business,Cary,,2.8,Morrisville
7-27-2016 21:34,7-27-2016 21:57,Business,Morrisville,,14.7,Raleigh
7-27-2016 22:00,7-27-2016 22:26,Business,Raleigh,,14.6,Morrisville
7-28-2016 0:04,7-28-2016 0:09,Business,Morrisville,,2.3,Cary
7-29-2016 15:45,7-29-2016 15:47,Business,Whitebridge,,2.2,Westpark Place
7-29-2016 17:27,7-29-2016 17:45,Business,Westpark Place,Meal-Entertain,2.2,Whitebridge
7-30-2016 17:02,7-30-2016 17:27,Business,Cary,,14,Durham
7-30-2016 21:16,7-30-2016 21:41,Business,Durham,,13.3,Cary
7-31-2016 17:30,7-31-2016 17:37,Business,Westpark Place,,1.8,Whitebridge
08-01-2016 12:47,08-01-2016 13:04,Business,Whitebridge,,6.2,Arlington Park at Amberly
08-01-2016 13:08,08-01-2016 13:19,Business,Arlington Park at Amberly,,1.3,Lexington Park at Amberly
08-01-2016 13:28,08-01-2016 13:46,Business,Lexington Park at Amberly,,1.9,Westpark Place
08-01-2016 13:52,08-01-2016 14:14,Business,Cary,,6.9,Apex
08-01-2016 15:40,08-01-2016 15:47,Business,Apex,,4.6,Cary
08-01-2016 16:18,08-01-2016 16:25,Business,Whitebridge,,2.8,Edgehill Farms
08-01-2016 16:29,08-01-2016 16:59,Business,Cary,,9.1,Morrisville
08-01-2016 17:23,08-01-2016 17:55,Business,Morrisville,,8.1,Cary
08-02-2016 08:11,08-02-2016 08:32,Business,Cary,Meeting,8.4,Morrisville
08-02-2016 11:51,08-02-2016 12:15,Business,Arlington,,4.9,Washington
08-02-2016 19:15,08-02-2016 19:23,Business,Kalorama Triangle,,1,K Street
08-02-2016 21:23,08-02-2016 21:29,Business,K Street,,1,Kalorama Triangle
08-03-2016 12:46,08-03-2016 13:00,Business,West End,,2,Northwest Rectangle
08-03-2016 14:59,08-03-2016 15:03,Business,K Street,,1.1,Kalorama Triangle
08-03-2016 16:00,08-03-2016 16:04,Business,Kalorama Triangle,,1.5,Downtown
08-05-2016 17:23,08-05-2016 17:30,Business,Connecticut Avenue,,1.3,Kalorama Triangle
08-05-2016 18:17,08-05-2016 18:21,Business,Kalorama Triangle,,1.8,Columbia Heights
08-05-2016 19:17,08-05-2016 19:27,Business,Columbia Heights,,1.5,Kalorama Triangle
08-06-2016 06:40,08-06-2016 06:58,Business,Washington,,6.6,Arlington
08-06-2016 09:31,08-06-2016 09:53,Business,Morrisville,,8,Cary
08-07-2016 17:14,08-07-2016 17:23,Business,Whitebridge,,2.7,Edgehill Farms
08-07-2016 17:28,08-07-2016 17:43,Business,Edgehill Farms,Customer Visit,2.7,Whitebridge
08-07-2016 18:17,08-07-2016 18:23,Business,Cary,,2.5,Morrisville
08-07-2016 20:15,08-07-2016 20:23,Business,Morrisville,Meal-Entertain,2.5,Cary
08-08-2016 16:17,08-08-2016 16:31,Business,Whitebridge,,5.2,Farmington Woods
08-08-2016 16:37,08-08-2016 16:50,Business,Farmington Woods,,4,Edgehill Farms
08-08-2016 17:02,08-08-2016 17:13,Business,Edgehill Farms,Customer Visit,2.7,Whitebridge
08-08-2016 21:50,08-08-2016 22:15,Business,Cary,,4.8,Morrisville
08-08-2016 23:28,08-08-2016 23:37,Business,Morrisville,Customer Visit,3.2,Cary
08-09-2016 14:20,08-09-2016 14:38,Business,Whitebridge,,6.9,Waverly Place
08-09-2016 15:15,08-09-2016 15:36,Business,Cary,,14.9,Raleigh
08-09-2016 16:04,08-09-2016 16:37,Business,Raleigh,,17.4,Cary
08-10-2016 16:56,08-10-2016 17:24,Business,Cary,,12.9,Durham
08-10-2016 17:53,08-10-2016 18:28,Business,Durham,,15.3,Apex
08-10-2016 18:49,08-10-2016 18:50,Business,Apex,,1,Apex
08-10-2016 19:47,08-10-2016 20:02,Business,Apex,,6,Cary
08-11-2016 12:53,08-11-2016 13:00,Business,Whitebridge,,2.2,Heritage Pines
08-11-2016 13:14,08-11-2016 13:28,Business,Heritage Pines,,4.4,Edgehill Farms
08-11-2016 13:32,08-11-2016 13:42,Business,Edgehill Farms,,2.8,Whitebridge
08-11-2016 18:37,08-11-2016 19:29,Business,Cary,,31.7,Wake Forest
08-11-2016 20:59,08-11-2016 21:44,Business,Wake Forest,,31.9,Cary
08-12-2016 18:49,08-12-2016 18:52,Business,Whitebridge,,1.9,Westpark Place
08-12-2016 18:56,08-12-2016 19:05,Business,Westpark Place,,1.8,Whitebridge
8-13-2016 15:35,8-13-2016 15:58,Business,Cary,Meeting,8.4,Morrisville
8-15-2016 9:05,8-15-2016 9:52,Business,R?walpindi,,15.6,Unknown Location
8-15-2016 15:20,8-15-2016 15:47,Business,Unknown Location,,14.1,Unknown Location
8-15-2016 16:52,8-15-2016 17:30,Business,Unknown Location,,15.7,Unknown Location
8-15-2016 19:08,8-15-2016 20:30,Business,Unknown Location,Temporary Site,25.9,Unknown Location
8-16-2016 7:58,8-16-2016 8:11,Business,Unknown Location,,7.9,Unknown Location
8-16-2016 8:16,8-16-2016 8:23,Business,Unknown Location,,2.7,Unknown Location
8-16-2016 8:46,8-16-2016 8:53,Business,Unknown Location,,5.5,Unknown Location
8-16-2016 10:06,8-16-2016 10:27,Business,Unknown Location,,5.7,Islamabad
8-16-2016 10:31,8-16-2016 10:38,Business,Islamabad,,1.2,Islamabad
8-16-2016 11:47,8-16-2016 12:03,Business,Islamabad,Temporary Site,5.7,Unknown Location
8-16-2016 15:13,8-16-2016 15:36,Business,Unknown Location,,16.2,Unknown Location
8-17-2016 10:17,8-17-2016 10:41,Business,Unknown Location,,2.6,Unknown Location
8-17-2016 10:57,8-17-2016 11:20,Business,Unknown Location,,12.1,Unknown Location
8-17-2016 14:45,8-17-2016 14:50,Business,Unknown Location,,1.4,R?walpindi
8-17-2016 15:32,8-17-2016 15:47,Business,R?walpindi,,6.4,Islamabad
8-17-2016 16:29,8-17-2016 16:50,Business,Islamabad,,7.3,Unknown Location
8-17-2016 16:54,8-17-2016 17:00,Business,Unknown Location,,5.3,Unknown Location
8-17-2016 17:05,8-17-2016 17:34,Business,Unknown Location,,5.5,Unknown Location
8-17-2016 18:38,8-17-2016 18:57,Business,Unknown Location,Temporary Site,7.7,Unknown Location
8-18-2016 18:40,8-18-2016 19:07,Business,Unknown Location,Temporary Site,7.6,Unknown Location
8-19-2016 8:24,8-19-2016 8:45,Business,Unknown Location,,7.6,Noorpur Shahan
8-19-2016 8:54,8-19-2016 9:07,Business,Noorpur Shahan,,3.3,Islamabad
8-19-2016 9:27,8-19-2016 9:47,Business,Islamabad,,6.5,R?walpindi
8-19-2016 10:57,8-19-2016 11:06,Business,R?walpindi,,2,Unknown Location
8-19-2016 12:07,8-19-2016 12:24,Business,Unknown Location,,5.7,Islamabad
8-19-2016 15:51,8-19-2016 16:06,Business,Islamabad,,3.2,Islamabad
8-19-2016 17:12,8-19-2016 17:52,Business,Islamabad,,12.5,Unknown Location
8-21-2016 10:00,8-21-2016 10:29,Business,Unknown Location,Airport-Travel,7.6,Unknown Location
8-21-2016 14:05,8-21-2016 14:34,Business,Unknown Location,,7.7,Unknown Location
8-21-2016 16:30,8-21-2016 17:02,Business,Unknown Location,,12.2,Islamabad
8-21-2016 18:10,8-21-2016 18:17,Business,Islamabad,,1.4,Islamabad
8-21-2016 18:48,8-21-2016 19:24,Business,Islamabad,,20.2,Unknown Location
8-22-2016 10:00,8-22-2016 10:44,Business,Unknown Location,,9.8,Islamabad
8-22-2016 11:07,8-22-2016 11:23,Business,Islamabad,,6.3,Unknown Location
8-22-2016 12:36,8-22-2016 12:49,Business,Unknown Location,,4.9,Islamabad
8-22-2016 13:02,8-22-2016 13:11,Business,Islamabad,,1.5,Islamabad
8-22-2016 14:07,8-22-2016 14:31,Business,Islamabad,,10.9,Unknown Location
8-22-2016 15:14,8-22-2016 15:49,Business,Unknown Location,,19,Unknown Location
8-22-2016 15:59,8-22-2016 17:16,Business,Unknown Location,,19,Unknown Location
8-22-2016 19:58,8-22-2016 20:50,Business,Unknown Location,,7.9,R?walpindi
8-22-2016 20:53,8-22-2016 21:31,Business,R?walpindi,,4.1,R?walpindi
8-22-2016 22:31,8-22-2016 23:00,Business,R?walpindi,,18.7,Unknown Location
8-23-2016 8:10,8-23-2016 8:25,Business,Unknown Location,,8.7,Noorpur Shahan
8-23-2016 9:35,8-23-2016 10:09,Business,Noorpur Shahan,,7.5,Unknown Location
8-23-2016 12:59,8-23-2016 13:15,Business,Unknown Location,,7.7,Noorpur Shahan
8-23-2016 13:19,8-23-2016 13:30,Business,Noorpur Shahan,,4.4,Islamabad
8-23-2016 13:49,8-23-2016 14:04,Business,Islamabad,,5,Unknown Location
8-23-2016 15:07,8-23-2016 15:12,Business,Unknown Location,,1.9,Unknown Location
8-23-2016 15:15,8-23-2016 17:16,Business,Unknown Location,,7.9,Unknown Location
8-23-2016 17:42,8-23-2016 18:31,Business,Unknown Location,,17.7,Unknown Location
8-24-2016 12:05,8-24-2016 12:56,Business,Unknown Location,,25.2,Unknown Location
8-24-2016 13:01,8-24-2016 15:25,Business,Unknown Location,,96.2,Unknown Location
8-25-2016 15:17,8-25-2016 16:22,Business,Unknown Location,,35,Unknown Location
8-25-2016 16:36,8-25-2016 16:56,Business,Unknown Location,,5.5,Unknown Location
8-25-2016 17:19,8-25-2016 19:20,Business,Unknown Location,,50.4,Unknown Location
8-25-2016 19:25,8-25-2016 19:57,Business,Unknown Location,,9.2,Lahore
8-25-2016 22:58,8-25-2016 23:16,Business,Lahore,,7.3,Unknown Location
8-26-2016 9:06,8-26-2016 9:20,Business,Unknown Location,,5,Unknown Location
8-26-2016 11:14,8-26-2016 11:26,Business,Unknown Location,,3.8,Unknown Location
8-26-2016 12:10,8-26-2016 12:20,Business,Unknown Location,,3.9,Lahore
8-26-2016 14:10,8-26-2016 14:33,Business,Lahore,,7.4,Lahore
8-26-2016 15:23,8-26-2016 15:35,Business,Lahore,,1.5,Lahore
8-26-2016 15:59,8-26-2016 16:24,Business,Lahore,,7.9,Unknown Location
8-26-2016 16:55,8-26-2016 17:12,Business,Unknown Location,,2.9,Lahore
8-26-2016 18:42,8-26-2016 18:56,Business,Lahore,,3.4,Lahore
8-26-2016 19:31,8-26-2016 19:54,Business,Lahore,,3.8,Lahore
8-26-2016 20:06,8-26-2016 20:16,Business,Lahore,,5.9,Unknown Location
8-27-2016 9:34,8-27-2016 10:11,Business,Unknown Location,,9.6,Lahore
8-27-2016 11:47,8-27-2016 12:06,Business,Lahore,,7,Lahore
8-27-2016 12:12,8-27-2016 12:17,Business,Lahore,,0.9,Lahore
8-27-2016 14:01,8-27-2016 15:44,Business,Lahore,,86.6,Unknown Location
8-27-2016 16:15,8-27-2016 19:13,Business,Unknown Location,,156.9,Unknown Location
8-28-2016 9:57,8-28-2016 10:18,Business,Unknown Location,,10.1,Noorpur Shahan
8-28-2016 16:39,8-28-2016 16:55,Business,Noorpur Shahan,,6.2,Islamabad
8-28-2016 17:37,8-28-2016 17:55,Business,Islamabad,,5.3,Islamabad
8-28-2016 21:15,8-28-2016 21:59,Business,Islamabad,,12.1,Unknown Location
8-29-2016 12:02,8-29-2016 12:31,Business,Unknown Location,,10.8,Islamabad
8-29-2016 13:38,8-29-2016 13:48,Business,Islamabad,,4.3,Islamabad
8-29-2016 14:31,8-29-2016 14:41,Business,Islamabad,,2.5,Islamabad
8-29-2016 14:49,8-29-2016 15:04,Business,Islamabad,Temporary Site,5.7,Unknown Location
8-29-2016 15:49,8-29-2016 15:59,Business,Unknown Location,,2.8,Islamabad
8-29-2016 16:06,8-29-2016 16:21,Business,Islamabad,,4,Unknown Location
8-29-2016 17:24,8-29-2016 17:41,Business,Unknown Location,,5.5,Islamabad
8-29-2016 18:27,8-29-2016 18:36,Business,Islamabad,,2.6,Islamabad
8-30-2016 11:53,8-30-2016 12:05,Business,Unknown Location,,2.1,Unknown Location
8-30-2016 12:46,8-30-2016 13:09,Business,Unknown Location,,8.8,Islamabad
8-30-2016 13:25,8-30-2016 13:46,Business,Islamabad,,4.4,Islamabad
8-30-2016 14:00,8-30-2016 14:20,Business,Islamabad,,5.3,Unknown Location
8-30-2016 17:27,8-30-2016 18:09,Business,Unknown Location,,13,Unknown Location
09-01-2016 11:51,09-01-2016 12:24,Business,Unknown Location,,13,Islamabad
09-01-2016 17:21,09-01-2016 17:36,Business,Islamabad,,10.6,Unknown Location
09-01-2016 18:49,09-01-2016 19:08,Business,Unknown Location,,2.2,Unknown Location
09-02-2016 11:37,09-02-2016 12:24,Business,Unknown Location,,9.2,Islamabad
09-02-2016 18:56,09-02-2016 19:37,Business,Unknown Location,,12.9,Unknown Location
09-05-2016 10:25,09-05-2016 10:44,Business,Unknown Location,,17.2,R?walpindi
09-06-2016 17:49,09-06-2016 17:49,Business,Unknown Location,,69.1,Unknown Location
09-10-2016 10:28,09-10-2016 10:45,Business,Unknown Location,,2.8,Unknown Location
09-11-2016 09:51,09-11-2016 09:55,Business,Unknown Location,,8.6,Unknown Location
09-11-2016 21:40,09-11-2016 21:42,Business,Unknown Location,,9.8,Unknown Location
09-12-2016 08:07,09-12-2016 08:12,Business,Unknown Location,,3.6,Unknown Location
09-12-2016 11:15,09-12-2016 11:24,Business,Unknown Location,,1.7,Unknown Location
09-12-2016 13:04,09-12-2016 13:44,Business,Unknown Location,,11.5,Unknown Location
9-13-2016 16:56,9-13-2016 17:02,Business,Unknown Location,,0.7,Unknown Location
9-14-2016 11:55,9-14-2016 11:59,Business,Unknown Location,,0.7,Unknown Location
9-15-2016 20:33,9-15-2016 20:38,Business,Unknown Location,,0.9,Unknown Location
9-16-2016 7:08,9-16-2016 7:08,Business,Unknown Location,,1.6,Unknown Location
9-18-2016 18:07,9-18-2016 18:11,Business,Unknown Location,,9.4,Unknown Location
9-19-2016 6:18,9-19-2016 6:49,Business,R?walpindi,,18.2,Unknown Location
9-19-2016 14:40,9-19-2016 14:56,Business,Unknown Location,,10.5,Islamabad
9-19-2016 16:23,9-19-2016 16:31,Business,Islamabad,,5.7,Unknown Location
9-19-2016 17:36,9-19-2016 18:20,Business,Unknown Location,,18,Unknown Location
9-19-2016 19:10,9-19-2016 19:49,Business,Unknown Location,,18.3,Islamabad
9-20-2016 11:29,9-20-2016 11:48,Business,Islamabad,,16.5,Unknown Location
9-20-2016 20:47,9-20-2016 22:47,Business,Unknown Location,,9.6,R?walpindi
9-23-2016 13:15,9-23-2016 13:40,Business,Karachi,,2.9,Karachi
9-24-2016 14:34,9-24-2016 15:15,Business,Karachi,,8.2,Unknown Location
9-24-2016 20:29,9-24-2016 20:33,Business,Unknown Location,,2.4,Unknown Location
9-27-2016 8:33,9-27-2016 8:35,Business,Unknown Location,,5.8,Unknown Location
9-27-2016 13:21,9-27-2016 14:43,Business,Lahore,,9.8,Lahore
9-27-2016 19:14,9-27-2016 20:34,Business,Lahore,,7.3,Unknown Location
9-27-2016 21:01,9-28-2016 2:37,Business,Unknown Location,,195.6,Unknown Location
9-28-2016 17:21,9-28-2016 19:36,Business,Islamabad,,20.5,Unknown Location
9-29-2016 16:13,9-29-2016 18:47,Business,Unknown Location,,12.6,Islamabad
9-30-2016 17:39,9-30-2016 20:20,Business,Islamabad,,37.7,Islamabad
9-30-2016 20:59,9-30-2016 22:34,Business,Islamabad,,16.7,Unknown Location
10-03-2016 17:09,10-03-2016 17:12,Business,Unknown Location,,10.5,Islamabad
10-03-2016 18:17,10-03-2016 18:34,Business,Islamabad,,2.8,Islamabad
10-03-2016 18:51,10-03-2016 19:01,Business,Islamabad,,1.6,Islamabad
10-03-2016 22:04,10-03-2016 22:33,Business,Islamabad,,12.7,Unknown Location
10-04-2016 09:50,10-04-2016 10:52,Business,Unknown Location,,28.6,Unknown Location
10-04-2016 12:17,10-04-2016 12:18,Business,Unknown Location,,15.1,Unknown Location
10-06-2016 08:49,10-06-2016 11:36,Business,Unknown Location,,17.9,R?walpindi
10-06-2016 17:23,10-06-2016 17:40,Business,R?walpindi,,112.6,Unknown Location
10-06-2016 18:37,10-06-2016 18:39,Business,Unknown Location,,18.4,Unknown Location
10-06-2016 19:46,10-06-2016 20:26,Business,Unknown Location,,13.8,Unknown Location
10-07-2016 10:56,10-07-2016 10:59,Business,Unknown Location,,33.2,Lahore
10-07-2016 11:27,10-07-2016 11:50,Business,Lahore,,2.6,Lahore
10-07-2016 13:52,10-07-2016 14:08,Business,Lahore,,5.8,Unknown Location
10-07-2016 14:29,10-07-2016 15:11,Business,Unknown Location,,8.3,Lahore
10-07-2016 15:47,10-07-2016 16:02,Business,Lahore,,2.4,Lahore
10-07-2016 18:08,10-07-2016 18:27,Business,Lahore,,3.1,Lahore
10-07-2016 18:33,10-07-2016 19:01,Business,Lahore,,6.1,Lahore
10-08-2016 15:03,10-08-2016 15:03,Business,Karachi,,3.6,Karachi
10-08-2016 18:15,10-08-2016 18:18,Business,Karachi,,8,Unknown Location
10-09-2016 14:04,10-09-2016 14:23,Business,Unknown Location,Temporary Site,7.7,Unknown Location
10-10-2016 17:22,10-10-2016 17:28,Business,Islamabad,,1.7,Islamabad
10-10-2016 17:33,10-10-2016 18:13,Business,Islamabad,,9.5,Unknown Location
10-11-2016 01:27,10-11-2016 02:08,Business,Unknown Location,Meeting,17.1,R?walpindi
10-12-2016 19:18,10-12-2016 19:21,Business,R?walpindi,,18.4,Unknown Location
10-13-2016 11:20,10-13-2016 11:58,Business,Unknown Location,,9.8,Islamabad
10-13-2016 12:08,10-13-2016 12:14,Business,Islamabad,,1,Islamabad
10-13-2016 13:02,10-13-2016 13:02,Business,Islamabad,,0.7,Islamabad
10-13-2016 13:37,10-13-2016 13:46,Business,Islamabad,,2.3,Islamabad
10-13-2016 16:08,10-13-2016 16:53,Business,Islamabad,,10.9,Unknown Location
10-14-2016 8:50,10-14-2016 9:44,Business,Unknown Location,,12.7,R?walpindi
10-14-2016 10:16,10-14-2016 10:52,Business,R?walpindi,,12.4,Unknown Location
10-14-2016 15:56,10-14-2016 16:20,Business,Unknown Location,,3.8,Unknown Location
10-14-2016 23:54,10-15-2016 2:06,Business,Unknown Location,Meeting,17,R?walpindi
10-15-2016 22:28,10-15-2016 22:48,Business,Morrisville,,6.2,Morrisville
10-16-2016 0:01,10-16-2016 0:14,Business,Morrisville,,3.1,Cary
10-16-2016 12:52,10-16-2016 13:11,Business,Cary,Meeting,10.5,Durham
10-16-2016 14:40,10-16-2016 15:01,Business,Durham,,8.1,Morrisville
10-16-2016 15:10,10-16-2016 15:19,Business,Morrisville,,3.1,Cary
10-16-2016 19:27,10-16-2016 19:33,Business,Whitebridge,Meeting,2.1,Parkway
10-16-2016 20:30,10-16-2016 20:39,Business,Cary,,4.3,Morrisville
10-16-2016 21:34,10-16-2016 21:41,Business,Morrisville,Meal-Entertain,2.5,Cary
10-17-2016 15:19,10-17-2016 15:57,Business,Cary,,20.6,Raleigh
10-17-2016 16:29,10-17-2016 17:11,Business,Raleigh,,17.6,Cary
10-17-2016 18:02,10-17-2016 18:16,Business,Cary,,5.6,Apex
10-17-2016 18:31,10-17-2016 18:45,Business,Apex,,3.3,Apex
10-17-2016 19:08,10-17-2016 19:25,Business,Apex,,5.3,Cary
10-18-2016 8:12,10-18-2016 8:22,Business,Whitebridge,,3.3,Edgehill Farms
10-18-2016 8:53,10-18-2016 9:02,Business,Edgehill Farms,,3.3,Whitebridge
10-18-2016 10:41,10-18-2016 11:09,Business,Cary,Temporary Site,7.9,Morrisville
10-18-2016 18:12,10-18-2016 18:33,Business,Oakland,,13,Emeryville
10-18-2016 19:03,10-18-2016 19:13,Business,Emeryville,,3,Berkeley
10-18-2016 20:31,10-18-2016 20:37,Business,Berkeley,,3,Emeryville
10-19-2016 9:33,10-19-2016 9:47,Business,Emeryville,,3.8,Oakland
10-19-2016 9:54,10-19-2016 10:21,Business,Oakland,,9.5,San Francisco
10-19-2016 13:45,10-19-2016 13:56,Business,SOMISSPO,,1.7,French Quarter
10-19-2016 14:02,10-19-2016 14:31,Business,San Francisco,,10.8,Berkeley
10-19-2016 15:44,10-19-2016 16:02,Business,West Berkeley,,4.1,North Berkeley Hills
10-19-2016 16:06,10-19-2016 16:19,Business,North Berkeley Hills,,2.2,Southside
10-19-2016 16:33,10-19-2016 17:01,Business,Berkeley,,4.6,Emeryville
10-20-2016 11:26,10-20-2016 11:34,Business,Emeryville,,3.1,Berkeley
10-20-2016 12:19,10-20-2016 13:17,Business,Berkeley,,47.7,San Jose
10-20-2016 20:44,10-20-2016 21:37,Business,San Jose,,44.6,Emeryville
10-21-2016 10:06,10-21-2016 10:21,Business,Emeryville,,13.2,Oakland
10-22-2016 0:54,10-22-2016 1:09,Business,Morrisville,,8.7,Cary
10-22-2016 13:26,10-22-2016 14:03,Business,Cary,,17.2,Raleigh
10-22-2016 17:08,10-22-2016 17:55,Business,Raleigh,,14,Cary
10-23-2016 9:24,10-23-2016 10:05,Business,Cary,,28.1,Raleigh
10-23-2016 12:17,10-23-2016 12:59,Business,Raleigh,,28.2,Cary
10-23-2016 19:04,10-23-2016 19:14,Business,Cary,Meal-Entertain,3.1,Morrisville
10-23-2016 21:10,10-23-2016 21:25,Business,Morrisville,Customer Visit,3.1,Cary
10-24-2016 14:57,10-24-2016 15:26,Business,Cary,,16.4,Durham
10-24-2016 15:33,10-24-2016 16:13,Business,Durham,,15.4,Morrisville
10-24-2016 16:34,10-24-2016 16:41,Business,Morrisville,,2.2,Cary
10-25-2016 13:27,10-25-2016 14:08,Business,Cary,,11.2,Apex
10-25-2016 15:04,10-25-2016 15:11,Business,Apex,,2.2,Eagle Rock
10-25-2016 15:16,10-25-2016 15:33,Business,Eagle Rock,,3.6,Cary
10-25-2016 20:00,10-25-2016 20:11,Business,Whitebridge,Meal-Entertain,3.6,Savon Height
10-25-2016 20:54,10-25-2016 21:03,Business,Savon Height,,4.9,Parkway
10-25-2016 22:24,10-25-2016 22:45,Business,Parkway,Errand-Supplies,8.7,Whitebridge
10-26-2016 19:25,10-26-2016 19:31,Business,Whitebridge,Meeting,2.1,Parkway
10-26-2016 20:53,10-26-2016 21:03,Business,Parkway,,2.1,Whitebridge
10-27-2016 18:51,10-27-2016 19:16,Business,Cary,Meeting,8.4,Morrisville
10-27-2016 19:20,10-27-2016 19:35,Business,Morrisville,,5.9,Morrisville
10-27-2016 19:52,10-27-2016 20:21,Business,Huntington Woods,,12.1,Huntington Woods
10-27-2016 20:47,10-27-2016 20:54,Business,Huntington Woods,,3.9,Weston
10-27-2016 21:26,10-27-2016 21:48,Business,Morrisville,,6.2,Cary
10-28-2016 11:34,10-28-2016 11:52,Business,Cary,Meeting,10.4,Durham
10-28-2016 13:06,10-28-2016 13:36,Business,Durham,Meeting,9.9,Cary
10-28-2016 15:53,10-28-2016 17:59,Business,Cary,Meeting,107,Winston Salem
10-28-2016 18:13,10-28-2016 20:07,Business,Winston Salem,Meeting,133.6,Asheville
10-28-2016 20:13,10-28-2016 22:00,Business,Asheville,Meeting,91.8,Topton
10-29-2016 15:22,10-29-2016 17:05,Business,Topton,Meeting,40.7,Hayesville
10-29-2016 17:13,10-29-2016 19:19,Business,Hayesville,,75.7,Topton
10-30-2016 7:49,10-30-2016 8:30,Business,Topton,,29.8,Bryson City
10-30-2016 9:07,10-30-2016 10:09,Business,Bryson City,,16.3,Bryson City
10-30-2016 10:11,10-30-2016 10:38,Business,Bryson City,,6.5,Bryson City
10-30-2016 10:51,10-30-2016 11:21,Business,Bryson City,,6.3,Bryson City
10-30-2016 12:24,10-30-2016 12:35,Business,Bryson City,,6.6,Almond
10-30-2016 12:58,10-30-2016 13:18,Business,Almond,,15.2,Bryson City
10-30-2016 13:24,10-30-2016 14:37,Business,Bryson City,,68.4,Asheville
10-30-2016 15:22,10-30-2016 18:23,Business,Asheville,,195.9,Mebane
10-30-2016 18:26,10-30-2016 19:39,Business,Mebane,,45.2,Cary
10-31-2016 18:11,10-31-2016 18:20,Business,Cary,,3.2,Morrisville
10-31-2016 18:47,10-31-2016 19:16,Business,Morrisville,,10.3,Raleigh
10-31-2016 20:18,10-31-2016 20:44,Business,Raleigh,,13.1,Cary
10-31-2016 21:45,10-31-2016 22:10,Business,Savon Height,Errand-Supplies,9.6,Whitebridge
11-01-2016 11:50,11-01-2016 12:27,Business,Cary,,16.5,Durham
11-01-2016 16:29,11-01-2016 17:02,Business,Durham,,12.8,Cary
11-01-2016 17:35,11-01-2016 17:42,Business,Whitebridge,,1.2,Whitebridge
11-01-2016 19:14,11-01-2016 19:20,Business,Whitebridge,,1,Whitebridge
11-01-2016 19:59,11-01-2016 20:12,Business,Whitebridge,,4.1,Whitebridge
11-01-2016 20:41,11-01-2016 20:55,Business,Whitebridge,Meal-Entertain,4.2,Whitebridge
11-02-2016 15:10,11-02-2016 15:18,Business,Whitebridge,,1.4,Westpark Place
11-02-2016 15:45,11-02-2016 15:52,Business,Westpark Place,,1.8,Whitebridge
11-02-2016 16:46,11-02-2016 17:11,Business,Cary,Meeting,8.5,Morrisville
11-02-2016 17:34,11-02-2016 17:49,Business,Morrisville,,5,Morrisville
11-02-2016 17:53,11-02-2016 18:00,Business,Morrisville,,3.8,Cary
11-03-2016 11:28,11-03-2016 11:34,Business,Whitebridge,,2.5,Hazelwood
11-03-2016 12:43,11-03-2016 12:49,Business,Hazelwood,,2.4,Whitebridge
11-03-2016 13:42,11-03-2016 13:47,Business,Whitebridge,,1.4,Westpark Place
11-03-2016 14:13,11-03-2016 14:26,Business,Westpark Place,,1.8,Whitebridge
11-03-2016 18:51,11-03-2016 19:08,Business,Cary,Meal-Entertain,3.1,Morrisville
11-03-2016 22:46,11-03-2016 22:58,Business,Morrisville,Customer Visit,3.1,Cary
11-04-2016 10:02,11-04-2016 10:18,Business,Cary,Temporary Site,7.9,Morrisville
11-04-2016 18:14,11-04-2016 18:21,Business,San Jose,,3.8,Santa Clara
11-04-2016 21:04,11-04-2016 21:20,Business,Agnew,,4.3,Cory
11-04-2016 22:12,11-04-2016 22:25,Business,Cory,,3.9,Agnew
11-05-2016 08:34,11-05-2016 08:43,Business,Agnew,,2.2,Renaissance
11-05-2016 17:29,11-05-2016 17:40,Business,Renaissance,,2.8,Agnew
11-05-2016 19:20,11-05-2016 19:28,Business,Agnew,,2.2,Agnew
11-06-2016 10:50,11-06-2016 11:04,Business,Agnew,,2.4,Renaissance
11-06-2016 16:05,11-06-2016 16:22,Business,Renaissance,Meeting,2.8,Agnew
11-06-2016 16:27,11-06-2016 17:28,Business,Santa Clara,Customer Visit,43.9,Berkeley
11-06-2016 19:04,11-06-2016 19:12,Business,Downtown,,1.8,West Berkeley
11-06-2016 20:06,11-06-2016 20:21,Business,West Berkeley,,3.3,Central
11-07-2016 12:28,11-07-2016 12:57,Business,Berkeley,Between Offices,11.8,San Francisco
11-07-2016 19:17,11-07-2016 19:57,Business,San Francisco,Between Offices,13.2,Berkeley
11-08-2016 10:29,11-08-2016 10:57,Business,Berkeley,Between Offices,12.2,San Francisco
11-08-2016 12:16,11-08-2016 12:49,Business,San Francisco,Meeting,11.3,Berkeley
11-08-2016 13:41,11-08-2016 14:01,Business,Berkeley,,3.6,Emeryville
11-08-2016 16:21,11-08-2016 16:34,Business,Emeryville,,3,Berkeley
11-09-2016 13:08,11-09-2016 13:41,Business,Berkeley,,11.4,San Francisco
11-09-2016 15:58,11-09-2016 16:04,Business,NOMA,,0.9,Downtown
11-09-2016 17:31,11-09-2016 18:03,Business,Downtown,,6.2,Sunnyside
11-09-2016 18:09,11-09-2016 18:14,Business,Sunnyside,,0.7,Ingleside
11-09-2016 18:21,11-09-2016 18:35,Business,Ingleside,Meeting,5.5,Potrero Flats
11-09-2016 18:40,11-09-2016 19:17,Business,San Francisco,Customer Visit,12.7,Oakland
11-09-2016 20:52,11-09-2016 21:02,Business,Oakland,,2.6,Berkeley
11-09-2016 21:56,11-09-2016 22:02,Business,Central,,1.1,Central
11-10-2016 09:46,11-10-2016 10:15,Business,Berkeley,Temporary Site,12.6,San Francisco
11-10-2016 10:20,11-10-2016 10:31,Business,Tenderloin,,1.2,SOMISSPO
11-10-2016 14:57,11-10-2016 15:07,Business,SOMISSPO,,1.1,Tenderloin
11-10-2016 15:17,11-10-2016 15:22,Business,San Francisco,Temporary Site,9.9,Oakland
11-10-2016 15:30,11-10-2016 15:53,Business,Oakland,Meeting,6,Berkeley
11-10-2016 19:18,11-10-2016 19:21,Business,West Berkeley,,0.8,Central
11-11-2016 09:35,11-11-2016 10:23,Business,Berkeley,Customer Visit,45.9,Menlo Park
11-11-2016 12:58,11-11-2016 13:13,Business,Menlo Park,,4,Palo Alto
11-11-2016 14:20,11-11-2016 14:32,Business,Palo Alto,,2.5,Menlo Park
11-11-2016 14:39,11-11-2016 15:46,Business,Menlo Park,Customer Visit,36.6,Berkeley
11-11-2016 18:30,11-11-2016 18:43,Business,Central,,2.9,College Avenue
11-11-2016 21:08,11-11-2016 21:18,Business,College Avenue,,2.6,Central
11-12-2016 10:32,11-12-2016 10:52,Business,Central,,2.3,South
11-12-2016 10:55,11-12-2016 11:25,Business,South,,6.4,Downtown
11-12-2016 13:07,11-12-2016 13:15,Business,Downtown,,1.4,Central
11-12-2016 13:46,11-12-2016 13:50,Business,Central,,0.6,West Berkeley
11-12-2016 14:22,11-12-2016 14:53,Business,West Berkeley,Meeting,5.9,South
11-12-2016 15:14,11-12-2016 15:21,Business,South,,0.8,Southwest Berkeley
11-12-2016 15:25,11-12-2016 15:36,Business,Berkeley,,1.3,Emeryville
11-12-2016 15:40,11-12-2016 15:59,Business,Emeryville,Errand-Supplies,3.7,Berkeley
